{
  "type": "no_corner_offset",
  "thirdperson_lefthand": {
    "translation": [0.20138061, 1.3456708, 0.3888806],
    "rotation": [0.49039268, -0.49039266, -0.35244295, 0.62834233],
    "scale": [0.5, 0.5, -0.50000006],
    "post-rotation": [0.0, 0.0, 0.0, 1.0]
  },
  "ground": {
    "translation": [0.375, 0.625, 0.5],
    "rotation": [0.0, 0.0, 0.0, 1.0],
    "scale": [0.25, 0.25, 0.25],
    "post-rotation": [0.0, 0.0, 0.0, 1.0]
  },
  "firstperson_righthand": {
    "translation": [0.21875, 0.6875, 0.875],
    "rotation": [0.0, 0.70710677, 0.0, 0.70710677],
    "scale": [0.375, 0.375, 0.375],
    "post-rotation": [0.0, 0.0, 0.0, 1.0]
  },
  "firstperson_lefthand": {
    "translation": [0.40625, 0.6875, 0.5],
    "rotation": [0.0, 0.70710677, 0.0, -0.70710677],
    "scale": [0.375, 0.375, -0.375],
    "post-rotation": [0.0, 0.0, 0.0, 1.0]
  },
  "gui": {
    "translation": [0.6531719, 0.6941134, 0.3838881],
    "rotation": [-0.1720543, 0.8649754, 0.09196497, -0.46233895],
    "scale": [0.4375, 0.43750003, 0.4375],
    "post-rotation": [0.0, 0.0, 0.0, 1.0]
  },
  "fixed": {
    "translation": [0.625, 0.40402913, 0.40625],
    "rotation": [0.38268346, 0.9238797, 2.3432604E-17, 5.657131E-17],
    "scale": [0.31250003, 0.31250003, 0.31250003],
    "post-rotation": [0.0, 0.0, 0.0, 1.0]
  },
  "thirdperson_righthand": {
    "translation": [0.33667964, 0.8837311, 0.52417964],
    "rotation": [0.35244295, 0.62834233, 0.49039268, 0.49039266],
    "scale": [0.5, 0.5, 0.50000006],
    "post-rotation": [0.0, 0.0, 0.0, 1.0]
  }
}