{
  "type": "no_corner_offset",
  "firstperson_righthand": {
    "translation": [0.21875, 0.71875, 0.875],
    "rotation": [0.0, 0.7071067, 0.0, 0.7071067],
    "scale": [0.375, 0.4375, 0.375],
    "post-rotation": [0.0, 0.0, 0.0, 1.0]
  },
  "firstperson_lefthand": {
    "translation": [0.21875, 0.71875, 0.5],
    "rotation": [0.0, 0.7071067, 0.0, -0.7071067],
    "scale": [0.375, 0.4375, -0.375],
    "post-rotation": [0.0, 0.0, 0.0, 1.0]
  },
  "thirdperson_righthand": {
    "translation": [0.31751946, 0.88809663, 0.5050194],
    "rotation": [0.35244295, 0.62834233, 0.49039266, 0.4903926],
    "scale": [0.75, 0.75, 0.75],
    "post-rotation": [0.0, 0.0, 0.0, 1.0]
  },
  "thirdperson_lefthand": {
    "translation": [0.114570916, 1.5810063, 0.30207095],
    "rotation": [0.49039266, -0.4903926, -0.35244295, 0.62834233],
    "scale": [0.75, 0.75, -0.75],
    "post-rotation": [0.0, 0.0, 0.0, 1.0]
  },
  "fixed": {
    "translation": [0.37814078, 0.5625, 0.4375],
    "rotation": [0.0, 0.0, -0.38268343, 0.92387944],
    "scale": [0.43749997, 0.43749997, 0.43749997],
    "post-rotation": [0.0, 0.0, 0.0, 1.0]
  },
  "gui": {
    "translation": [0.58400893, 0.5470514, 0.30095106],
    "rotation": [-0.17205434, 0.86497545, 0.09196493, -0.46233895],
    "scale": [0.75, 0.75, 0.74999994],
    "post-rotation": [0.0, 0.0, 0.0, 1.0]
  },
  "ground": {
    "translation": [0.375, 0.5, 0.5],
    "rotation": [0.0, 0.0, 0.0, 1.0],
    "scale": [0.5, 0.5, 0.5],
    "post-rotation": [0.0, 0.0, 0.0, 1.0]
  }
}