{
  "third_person_left_hand": {
    "translation": [0.0, 0.5, 0.1],
    "rotation": [0.0, 0.0, 0.0, 1.0],
    "scale": [1.0, 1.0, 1.0],
    "post-rotation": [0.0, 0.0, 0.0, 1.0]
  },
  "third_person_right_hand": {
    "translation": [0.0, 0.5, 0.1],
    "rotation": [0.0, 0.0, 0.0, 1.0],
    "scale": [1.0, 1.0, 1.0],
    "post-rotation": [0.0, 0.0, 0.0, 1.0]
  },
  "first_person_left_hand": {
    "translation": [0.2, 0.1, 0.0],
    "rotation": [-0.5, 0.0, 0.0, 0.86602545],
    "scale": [1.0, 1.0000001, 1.0000001],
    "post-rotation": [0.0, 0.0, 0.0, 1.0]
  },
  "first_person_right_hand": {
    "translation": [0.2, 0.1, 0.0],
    "rotation": [-0.5, 0.0, 0.0, 0.86602545],
    "scale": [1.0, 1.0000001, 1.0000001],
    "post-rotation": [0.0, 0.0, 0.0, 1.0]
  },
  "gui": {
    "translation": [0.0, 0.0, 0.0],
    "rotation": [0.07465782, 0.18023995, -0.3753303, 0.90612745],
    "scale": [0.99999994, 1.0, 0.99999994],
    "post-rotation": [0.0, 0.0, 0.0, 1.0]
  },
  "ground": {
    "translation": [0.0, 0.25, 0.0],
    "rotation": [0.0, 0.0, 0.0, 1.0],
    "scale": [0.5, 0.5, 0.5],
    "post-rotation": [0.0, 0.0, 0.0, 1.0]
  },
  "fixed": {
    "translation": [0.0, 0.0, 0.0],
    "rotation": [0.0, 0.0, 0.0, 1.0],
    "scale": [1.0, 1.0, 1.0],
    "post-rotation": [0.0, 0.0, 0.0, 1.0]
  }
}
