{
  "type": "no_corner_offset",
  "firstperson_righthand": {
    "translation": [0.4375, 0.4375, 0.4375],
    "rotation": [0.0, 0.0, 0.0, 1.0],
    "scale": [0.125, 0.125, 0.125],
    "post-rotation": [0.0, 0.0, 0.0, 1.0]
  },
  "gui": {
    "translation": [0.38193205, 0.014879771, 0.3349195],
    "rotation": [0.16043, 0.3768695, 0.066452295, 0.90984386],
    "scale": [0.34375, 0.23437501, 0.34375],
    "post-rotation": [0.0, 0.0, 0.0, 1.0]
  },
  "head": {
    "translation": [0.4375, 0.4375, 0.4375],
    "rotation": [0.0, 0.0, 0.0, 1.0],
    "scale": [0.125, 0.125, 0.125],
    "post-rotation": [0.0, 0.0, 0.0, 1.0]
  },
  "ground": {
    "translation": [0.4375, 0.4375, 0.4375],
    "rotation": [0.0, 0.0, 0.0, 1.0],
    "scale": [0.125, 0.125, 0.125],
    "post-rotation": [0.0, 0.0, 0.0, 1.0]
  },
  "fixed": {
    "translation": [0.40625, 0.15625, 0.59375],
    "rotation": [0.0, 0.7071067, 0.0, 0.70710677],
    "scale": [0.18749999, 0.1875, 0.18749999],
    "post-rotation": [0.0, 0.0, 0.0, 1.0]
  },
  "firstperson_lefthand": {
    "translation": [0.4375, 0.4375, 0.4375],
    "rotation": [0.0, 0.0, 0.0, 1.0],
    "scale": [0.125, 0.125, 0.125],
    "post-rotation": [0.0, 0.0, 0.0, 1.0]
  },
  "thirdperson_righthand": {
    "translation": [0.4375, 0.6623545, 0.24801795],
    "rotation": [0.57357645, 0.0, 0.0, 0.819152],
    "scale": [0.125, 0.12500001, 0.12500001],
    "post-rotation": [0.0, 0.0, 0.0, 1.0]
  },
  "thirdperson_lefthand": {
    "translation": [0.4375, 0.6623545, 0.24801795],
    "rotation": [0.57357645, 0.0, 0.0, 0.819152],
    "scale": [0.125, 0.12500001, 0.12500001],
    "post-rotation": [0.0, 0.0, 0.0, 1.0]
  }
}