{
  "third_person_left_hand": {
    "translation": [-0.25, 0.375, 0.0],
    "rotation": [0.0, -0.55557024, 0.0, 0.83146966],
    "scale": [0.5, 0.5, 0.5],
    "post-rotation": [0.0, 0.0, 0.0, 1.0]
  },
  "third_person_right_hand": {
    "translation": [-0.25, 0.375, 0.5],
    "rotation": [0.0, -0.55557024, 0.0, 0.83146966],
    "scale": [0.5, 0.5, 0.5],
    "post-rotation": [0.0, 0.0, 0.0, 1.0]
  },
  "first_person_left_hand": {
    "translation": [0.375, 0.875, 0.4375],
    "rotation": [0.0, -0.7071068, 0.0, -0.7071068],
    "scale": [0.625, 0.625, 0.625],
    "post-rotation": [0.0, 0.0, 0.0, 1.0]
  },
  "first_person_right_hand": {
    "translation": [-0.0625, 0.625, 0.3125],
    "rotation": [0.0, -0.7071068, 0.0, -0.7071068],
    "scale": [0.25, 0.25, 0.25],
    "post-rotation": [0.0, 0.0, 0.0, 1.0]
  },
  "gui": {
    "translation": [-0.375, 0.6875, 0.0],
    "rotation": [0.0, 1.0, 0.0, 0.0000025],
    "scale": [0.8125, 0.8125, 0.8125],
    "post-rotation": [0.0, 0.0, 0.0, 1.0]
  },
  "ground": {
    "translation": [0.25, 0.5, 0.25],
    "rotation": [0.0, 0.0, 0.0, 1.0],
    "scale": [0.5, 0.5, 0.5],
    "post-rotation": [0.0, 0.0, 0.0, 1.0]
  },
  "fixed": {
    "translation": [0.5, 0.875, 0.6875],
    "rotation": [0.0, 0.0, 0.0, 1.0],
    "scale": [1.0, 1.0, 1.0],
    "post-rotation": [0.0, 0.0, 0.0, 1.0]
  }
}