{
  "type": "no_corner_offset",
  "thirdperson_lefthand": {
    "translation": [0.3928032, 1.0, 0.04636678],
    "rotation": [0.25699452, -0.62043965, -0.28354973, 0.6845496],
    "scale": [0.18750001, 0.18750001, 0.18750001],
    "post-rotation": [0.0, 0.0, 0.0, 1.0]
  },
  "ground": {
    "translation": [0.5625, 0.5625, 0.5],
    "rotation": [0.0, 0.0, 0.0, 1.0],
    "scale": [0.125, 0.125, 0.125],
    "post-rotation": [0.0, 0.0, 0.0, 1.0]
  },
  "firstperson_righthand": {
    "translation": [0.3691749, 0.625, 0.61857295],
    "rotation": [0.0, 0.671559, 0.0, 0.7409511],
    "scale": [0.125, 0.12499999, 0.125],
    "post-rotation": [0.0, 0.0, 0.0, 1.0]
  },
  "firstperson_lefthand": {
    "translation": [0.33732298, 0.640625, 0.5410499],
    "rotation": [0.0, -0.671559, 0.0, 0.7409511],
    "scale": [0.125, 0.12499999, 0.125],
    "post-rotation": [0.0, 0.0, 0.0, 1.0]
  },
  "gui": {
    "translation": [0.46269384, 0.47413445, 0.44396457],
    "rotation": [-0.25600824, 0.843946, 0.13683923, -0.45109856],
    "scale": [0.18749999, 0.18749999, 0.18749999],
    "post-rotation": [0.0, 0.0, 0.0, 1.0]
  },
  "fixed": {
    "translation": [0.5991117, 0.5625, 0.5],
    "rotation": [0.0, 0.0, -0.38268346, 0.92387956],
    "scale": [0.125, 0.125, 0.125],
    "post-rotation": [0.0, 0.0, 0.0, 1.0]
  },
  "thirdperson_righthand": {
    "translation": [0.46920145, 0.86741745, 0.1966891],
    "rotation": [0.28354973, 0.6845496, 0.25699452, 0.62043965],
    "scale": [0.18750001, 0.18750001, 0.18750001],
    "post-rotation": [0.0, 0.0, 0.0, 1.0]
  }
}