{
  "type": "no_corner_offset",
  "firstperson_righthand": {
    "translation": [0.25, 0.125, 0.125],
    "rotation": [0.0, 0.0, 0.0, 1.0],
    "scale": [0.5, 0.5, 0.5],
    "post-rotation": [0.0, 0.0, 0.0, 1.0]
  },
  "gui": {
    "translation": [0.5, -0.53656614, 0.7373724],
    "rotation": [0.099045746, 0.8923991, 0.23911761, 0.3696438],
    "scale": [0.9999999, 1.0, 0.9999999],
    "post-rotation": [0.0, 0.0, 0.0, 1.0]
  },
  "head": {
    "translation": [0.25, 0.25, 0.25],
    "rotation": [0.0, 0.0, 0.0, 1.0],
    "scale": [0.5, 0.5, 0.5],
    "post-rotation": [0.0, 0.0, 0.0, 1.0]
  },
  "ground": {
    "translation": [0.25, 0.25, 0.25],
    "rotation": [0.0, 0.0, 0.0, 1.0],
    "scale": [0.5, 0.5, 0.5],
    "post-rotation": [0.0, 0.0, 0.0, 1.0]
  },
  "fixed": {
    "translation": [1.125, -0.1875, 0.0],
    "rotation": [0.0, -0.7071067, 0.0, 0.70710677],
    "scale": [0.99999994, 1.0, 0.99999994],
    "post-rotation": [0.0, 0.0, 0.0, 1.0]
  },
  "firstperson_lefthand": {
    "translation": [0.25, 0.125, 0.125],
    "rotation": [0.0, 0.0, 0.0, 1.0],
    "scale": [0.5, 0.5, 0.5],
    "post-rotation": [0.0, 0.0, 0.0, 1.0]
  },
  "thirdperson_righthand": {
    "translation": [-0.007928193, 0.36783785, 0.14430586],
    "rotation": [0.46984625, 0.46984628, 0.32898995, 0.67100996],
    "scale": [0.50000006, 0.49999997, 0.5],
    "post-rotation": [0.0, 0.0, 0.0, 1.0]
  },
  "thirdperson_lefthand": {
    "translation": [-0.007928193, 0.36783785, 0.14430586],
    "rotation": [0.46984625, 0.46984628, 0.32898995, 0.67100996],
    "scale": [0.50000006, 0.49999997, 0.5],
    "post-rotation": [0.0, 0.0, 0.0, 1.0]
  }
}