{
  "type": "no_corner_offset",
  "first_person_right_hand": {
    "translation": [0.41161165, 0.4375, 0.5],
    "rotation": [0.0, 0.38268343, 0.0, 0.92387956],
    "scale": [0.12499999, 0.125, 0.12499999],
    "post-rotation": [0.0, 0.0, 0.0, 1.0]
  },
  "gui": {
    "translation": [0.63056827, 0.40625, 0.5230227],
    "rotation": [0.0, 0.95371705, 0.0, -0.30070576],
    "scale": [0.1875, 0.1875, 0.1875],
    "post-rotation": [0.0, 0.0, 0.0, 1.0]
  },
  "head": {
    "translation": [0.4375, 0.4375, 0.4375],
    "rotation": [0.0, 0.0, 0.0, 1.0],
    "scale": [0.125, 0.125, 0.125],
    "post-rotation": [0.0, 0.0, 0.0, 1.0]
  },
  "ground": {
    "translation": [0.4375, 0.4375, 0.4375],
    "rotation": [0.0, 0.0, 0.0, 1.0],
    "scale": [0.125, 0.125, 0.125],
    "post-rotation": [0.0, 0.0, 0.0, 1.0]
  },
  "fixed": {
    "translation": [0.4, 0.4, 0.4],
    "rotation": [0.0, 0.0, 0.0, 1.0],
    "scale": [0.20000002, 0.20000002, 0.20000002],
    "post-rotation": [0.0, 0.0, 0.0, 1.0]
  },
  "first_person_left_hand": {
    "translation": [0.41161165, 0.4375, 0.5],
    "rotation": [0.0, 0.38268343, 0.0, 0.92387956],
    "scale": [0.12499999, 0.125, 0.12499999],
    "post-rotation": [0.0, 0.0, 0.0, 1.0]
  },
  "third_person_right_hand": {
    "translation": [0.5883883, 0.5321995, 0.31727198],
    "rotation": [-0.21263115, -0.32650557, 0.62721133, 0.6743798],
    "scale": [0.124999985, 0.125, 0.12500001],
    "post-rotation": [0.0, 0.0, 0.0, 1.0]
  },
  "third_person_left_hand": {
    "translation": [0.5883883, 0.5321995, 0.31727198],
    "rotation": [-0.21263115, -0.32650557, 0.62721133, 0.6743798],
    "scale": [0.124999985, 0.125, 0.12500001],
    "post-rotation": [0.0, 0.0, 0.0, 1.0]
  }
}