{
  "type": "no_corner_offset",
  "first_person_right_hand": {
    "translation": [0.84375, 0.40625, 0.40625],
    "rotation": [0.0, -0.7071067, 0.0, 0.70710677],
    "scale": [0.18749999, 0.1875, 0.18749999],
    "post-rotation": [0.0, 0.0, 0.0, 1.0]
  },
  "gui": {
    "translation": [0.4183948, 0.44140625, 0.4856108],
    "rotation": [0.0, 0.30070582, 0.0, 0.95371705],
    "scale": [0.11718751, 0.11718751, 0.11718751],
    "post-rotation": [0.0, 0.0, 0.0, 1.0]
  },
  "head": {
    "translation": [0.453125, 0.453125, 0.453125],
    "rotation": [0.0, 0.0, 0.0, 1.0],
    "scale": [0.09374999, 0.09374999, 0.09374999],
    "post-rotation": [0.0, 0.0, 0.0, 1.0]
  },
  "ground": {
    "translation": [0.453125, 0.453125, 0.453125],
    "rotation": [0.0, 0.0, 0.0, 1.0],
    "scale": [0.09374999, 0.09374999, 0.09374999],
    "post-rotation": [0.0, 0.0, 0.0, 1.0]
  },
  "fixed": {
    "translation": [0.5703125, 0.4296875, 0.5703125],
    "rotation": [0.0, 1.0, 0.0, 6.123234E-17],
    "scale": [0.14062499, 0.14062499, 0.14062499],
    "post-rotation": [0.0, 0.0, 0.0, 1.0]
  },
  "first_person_left_hand": {
    "translation": [0.84375, 0.40625, 0.40625],
    "rotation": [0.0, -0.7071067, 0.0, 0.70710677],
    "scale": [0.18749999, 0.1875, 0.18749999],
    "post-rotation": [0.0, 0.0, 0.0, 1.0]
  },
  "third_person_right_hand": {
    "translation": [0.5492931, 0.57055175, 0.3009236],
    "rotation": [-0.16071978, 0.8200656, 0.47346503, -0.27837476],
    "scale": [0.07031248, 0.0703125, 0.07031249],
    "post-rotation": [0.0, 0.0, 0.0, 1.0]
  },
  "third_person_left_hand": {
    "translation": [0.5492931, 0.57055175, 0.3009236],
    "rotation": [-0.16071978, 0.8200656, 0.47346503, -0.27837476],
    "scale": [0.07031248, 0.0703125, 0.07031249],
    "post-rotation": [0.0, 0.0, 0.0, 1.0]
  }
}