{
  "parent": "immersiveengineering:block/alloy_smelter_on_split",
  "display": {
    "firstperson_lefthand": {
      "right_rotation": [
        -0.0,
        0.0,
        -0.0
      ],
      "rotation": [
        -180.0,
        -44.99999,
        -180.0
      ],
      "scale": [
        0.20000002,
        0.2,
        0.20000002
      ],
      "translation": [
        10.262741,
        3.2000003,
        8.000001
      ]
    },
    "firstperson_righthand": {
      "right_rotation": [
        -0.0,
        0.0,
        -0.0
      ],
      "rotation": [
        0.0,
        45.000004,
        0.0
      ],
      "scale": [
        0.20000002,
        0.2,
        0.20000002
      ],
      "translation": [
        5.737258,
        3.2000003,
        7.9999995
      ]
    },
    "fixed": {
      "right_rotation": [
        -0.0,
        0.0,
        -0.0
      ],
      "scale": [
        0.25,
        0.25,
        0.25
      ],
      "translation": [
        6.0,
        2.0,
        6.0
      ]
    },
    "ground": {
      "right_rotation": [
        -0.0,
        0.0,
        -0.0
      ],
      "scale": [
        0.125,
        0.125,
        0.125
      ],
      "translation": [
        7.0,
        53.0,
        7.0
      ]
    },
    "gui": {
      "right_rotation": [
        -0.0,
        0.0,
        -0.0
      ],
      "rotation": [
        -149.99997,
        -44.99997,
        -179.99998
      ],
      "scale": [
        0.31249997,
        0.3124999,
        0.3124999
      ],
      "translation": [
        11.535534,
        5.5048084,
        4.250001
      ]
    },
    "head": {
      "right_rotation": [
        -0.0,
        0.0,
        -0.0
      ],
      "scale": [
        0.5,
        0.5,
        0.5
      ],
      "translation": [
        4.0,
        -4.0,
        4.0
      ]
    },
    "none": {
      "right_rotation": [
        -0.0,
        0.0,
        -0.0
      ],
      "scale": [
        0.5,
        0.5,
        0.5
      ],
      "translation": [
        4.0,
        -4.0,
        4.0
      ]
    },
    "thirdperson_lefthand": {
      "right_rotation": [
        -0.0,
        0.0,
        -0.0
      ],
      "scale": [
        0.5,
        0.5,
        0.5
      ],
      "translation": [
        4.0,
        -4.0,
        4.0
      ]
    },
    "thirdperson_righthand": {
      "right_rotation": [
        -0.0,
        0.0,
        -0.0
      ],
      "rotation": [
        75.0,
        45.000004,
        -4.8296733E-6
      ],
      "scale": [
        0.18749997,
        0.18750001,
        0.18750001
      ],
      "translation": [
        5.8786793,
        46.83531,
        3.6533337
      ]
    }
  }
}