{
  "parent": "immersiveengineering:block/alloy_smelter_on_split",
  "display": {
    "firstperson_lefthand": {
      "right_rotation": [
        0.0,
        0.0,
        180.0
      ],
      "rotation": [
        180.0,
        -44.99998,
        -0.0
      ],
      "scale": [
        0.2,
        0.20000002,
        0.2
      ],
      "translation": [
        0.0,
        -3.2,
        0.0
      ]
    },
    "firstperson_righthand": {
      "right_rotation": [
        0.0,
        0.0,
        180.0
      ],
      "rotation": [
        0.0,
        45.000004,
        180.0
      ],
      "scale": [
        0.2,
        0.2,
        0.2
      ],
      "translation": [
        0.0,
        -3.2,
        0.0
      ]
    },
    "fixed": {
      "right_rotation": [
        0.0,
        0.0,
        180.0
      ],
      "rotation": [
        0.0,
        0.0,
        180.0
      ],
      "scale": [
        0.25,
        0.25,
        0.25
      ],
      "translation": [
        0.0,
        -4.0,
        0.0
      ]
    },
    "ground": {
      "right_rotation": [
        0.0,
        0.0,
        180.0
      ],
      "rotation": [
        0.0,
        0.0,
        180.0
      ],
      "scale": [
        0.125,
        0.125,
        0.125
      ],
      "translation": [
        0.0,
        46.0,
        0.0
      ]
    },
    "gui": {
      "right_rotation": [
        0.0,
        0.0,
        180.0
      ],
      "rotation": [
        180.0,
        -44.99999,
        -29.999996
      ],
      "scale": [
        0.31250003,
        0.31250003,
        0.31249997
      ],
      "translation": [
        7.4505806E-8,
        -0.33012724,
        -2.4999998
      ]
    },
    "head": {
      "right_rotation": [
        0.0,
        0.0,
        180.0
      ],
      "rotation": [
        0.0,
        0.0,
        180.0
      ],
      "scale": [
        0.5,
        0.5,
        0.5
      ],
      "translation": [
        0.0,
        -8.0,
        0.0
      ]
    },
    "none": {
      "right_rotation": [
        0.0,
        0.0,
        180.0
      ],
      "rotation": [
        0.0,
        0.0,
        180.0
      ],
      "scale": [
        0.5,
        0.5,
        0.5
      ],
      "translation": [
        0.0,
        -8.0,
        0.0
      ]
    },
    "thirdperson_lefthand": {
      "right_rotation": [
        0.0,
        0.0,
        180.0
      ],
      "rotation": [
        0.0,
        0.0,
        180.0
      ],
      "scale": [
        0.5,
        0.5,
        0.5
      ],
      "translation": [
        0.0,
        -8.0,
        0.0
      ]
    },
    "thirdperson_righthand": {
      "right_rotation": [
        0.0,
        0.0,
        180.0
      ],
      "rotation": [
        0.0,
        45.000004,
        104.999985
      ],
      "scale": [
        0.18749999,
        0.18749999,
        0.18749999
      ],
      "translation": [
        0.0,
        39.22354,
        -2.8977776
      ]
    }
  }
}