{
  "parent": "immersiveengineering:block/multiblocks/alloy_smelter_on",
  "display-trsr": {
    "none": {
      "translation": [
        0.25,
        -0.25,
        0.25
      ],
      "rotation": [
        0.0,
        0.0,
        0.0,
        1.0
      ],
      "scale": [
        0.5,
        0.5,
        0.5
      ],
      "post-rotation": [
        0.0,
        0.0,
        0.0,
        1.0
      ]
    },
    "third_person_left_hand": {
      "translation": [
        0.25,
        -0.25,
        0.25
      ],
      "rotation": [
        0.0,
        0.0,
        0.0,
        1.0
      ],
      "scale": [
        0.5,
        0.5,
        0.5
      ],
      "post-rotation": [
        0.0,
        0.0,
        0.0,
        1.0
      ]
    },
    "third_person_right_hand": {
      "translation": [
        0.36741748,
        2.927207,
        0.2283334
      ],
      "rotation": [
        0.5624222,
        0.3036032,
        0.23296294,
        0.7329629
      ],
      "scale": [
        0.18749997,
        0.18749996,
        0.18749997
      ],
      "post-rotation": [
        0.0,
        0.0,
        0.0,
        1.0
      ]
    },
    "first_person_left_hand": {
      "translation": [
        0.6414214,
        0.20000002,
        0.5
      ],
      "rotation": [
        0.0,
        0.9238796,
        0.0,
        -0.3826834
      ],
      "scale": [
        0.20000003,
        0.20000002,
        0.20000003
      ],
      "post-rotation": [
        0.0,
        0.0,
        0.0,
        1.0
      ]
    },
    "first_person_right_hand": {
      "translation": [
        0.35857865,
        0.20000002,
        0.5
      ],
      "rotation": [
        0.0,
        0.38268346,
        0.0,
        0.9238795
      ],
      "scale": [
        0.2,
        0.2,
        0.2
      ],
      "post-rotation": [
        0.0,
        0.0,
        0.0,
        1.0
      ]
    },
    "head": {
      "translation": [
        0.25,
        -0.25,
        0.25
      ],
      "rotation": [
        0.0,
        0.0,
        0.0,
        1.0
      ],
      "scale": [
        0.5,
        0.5,
        0.5
      ],
      "post-rotation": [
        0.0,
        0.0,
        0.0,
        1.0
      ]
    },
    "gui": {
      "translation": [
        0.72097087,
        0.0940506,
        0.26562503
      ],
      "rotation": [
        -0.099045746,
        0.89239913,
        0.23911762,
        -0.36964372
      ],
      "scale": [
        0.31249997,
        0.31249994,
        0.3125
      ],
      "post-rotation": [
        0.0,
        0.0,
        0.0,
        1.0
      ]
    },
    "ground": {
      "translation": [
        0.4375,
        3.3125,
        0.4375
      ],
      "rotation": [
        0.0,
        0.0,
        0.0,
        1.0
      ],
      "scale": [
        0.125,
        0.125,
        0.125
      ],
      "post-rotation": [
        0.0,
        0.0,
        0.0,
        1.0
      ]
    },
    "fixed": {
      "translation": [
        0.375,
        0.125,
        0.375
      ],
      "rotation": [
        0.0,
        0.0,
        0.0,
        1.0
      ],
      "scale": [
        0.25,
        0.25,
        0.25
      ],
      "post-rotation": [
        0.0,
        0.0,
        0.0,
        1.0
      ]
    }
  }
}