{
  "parent": "immersiveengineering:block/alloy_smelter_on",
  "transform": {
    "thirdperson_righthand": {
      "translation": [
        -0.23483497,
        2.0,
        -0.5
      ],
      "rotation": [
        0.5624222,
        0.3036032,
        0.23296294,
        0.7329629
      ],
      "scale": [
        0.18749997,
        0.18749996,
        0.18749997
      ],
      "post-rotation": [
        0.0,
        0.0,
        0.0,
        0.99830717
      ]
    },
    "thirdperson_lefthand": {
      "translation": [
        0.0,
        -0.5,
        0.0
      ],
      "rotation": [
        0.0,
        0.0,
        0.0,
        1.0
      ],
      "scale": [
        0.5,
        0.5,
        0.5
      ],
      "post-rotation": [
        0.0,
        0.0,
        0.0,
        1.0
      ]
    },
    "firstperson_righthand": {
      "translation": [
        -0.2171573,
        -0.5,
        -0.5
      ],
      "rotation": [
        0.0,
        0.38268346,
        0.0,
        0.9238795
      ],
      "scale": [
        0.2,
        0.2,
        0.2
      ],
      "post-rotation": [
        0.0,
        0.0,
        0.0,
        0.99830717
      ]
    },
    "firstperson_lefthand": {
      "translation": [
        -0.78284276,
        -0.5,
        -0.50000006
      ],
      "rotation": [
        0.0,
        0.9238796,
        0.0,
        -0.3826834
      ],
      "scale": [
        0.20000003,
        0.20000002,
        0.20000003
      ],
      "post-rotation": [
        0.0,
        0.0,
        0.0,
        0.99830717
      ]
    },
    "head": {
      "translation": [
        0.0,
        -0.5,
        0.0
      ],
      "rotation": [
        0.0,
        0.0,
        0.0,
        1.0
      ],
      "scale": [
        0.5,
        0.5,
        0.5
      ],
      "post-rotation": [
        0.0,
        0.0,
        0.0,
        1.0
      ]
    },
    "gui": {
      "translation": [
        -0.94194174,
        -0.49999997,
        -0.50000006
      ],
      "rotation": [
        -0.099045746,
        0.89239913,
        0.23911762,
        -0.36964372
      ],
      "scale": [
        0.31249997,
        0.31249994,
        0.3125
      ],
      "post-rotation": [
        0.0,
        0.0,
        0.0,
        0.99830717
      ]
    },
    "ground": {
      "translation": [
        -0.375,
        2.5,
        -0.375
      ],
      "rotation": [
        0.0,
        0.0,
        0.0,
        1.0
      ],
      "scale": [
        0.125,
        0.125,
        0.125
      ],
      "post-rotation": [
        0.0,
        0.0,
        0.0,
        0.99830717
      ]
    },
    "fixed": {
      "translation": [
        -0.25,
        -0.5,
        -0.25
      ],
      "rotation": [
        0.0,
        0.0,
        0.0,
        1.0
      ],
      "scale": [
        0.25,
        0.25,
        0.25
      ],
      "post-rotation": [
        0.0,
        0.0,
        0.0,
        0.99830717
      ]
    }
  }
}