{
  "textures": {
    "texture": "immersiveengineering:block/metal_decoration/aluminum_wallmount"
  },
  "loader": "forge:obj",
  "model": "immersiveengineering:models/block/wooden_device/wallmount.obj",
  "flip-v": true,
  "transform": {
    "thirdperson_righthand": {
      "translation": [
        -0.18750003,
        0.09375003,
        -0.171875
      ],
      "rotation": [
        0.46984634,
        0.46984616,
        0.32898995,
        0.6710101
      ],
      "scale": [
        0.5,
        0.49999985,
        0.49999988
      ],
      "post-rotation": [
        0.0,
        0.0,
        0.0,
        0.99830717
      ],
      "origin": "corner"
    },
    "thirdperson_lefthand": {
      "translation": [
        -0.18750003,
        0.09375003,
        -0.171875
      ],
      "rotation": [
        0.46984634,
        0.46984616,
        0.32898995,
        0.6710101
      ],
      "scale": [
        0.5,
        0.49999985,
        0.49999988
      ],
      "post-rotation": [
        0.0,
        0.0,
        0.0,
        0.99830717
      ],
      "origin": "corner"
    },
    "firstperson_righthand": {
      "translation": [
        0.0,
        -0.125,
        -0.125
      ],
      "rotation": [
        0.0,
        0.0,
        0.0,
        1.0
      ],
      "scale": [
        0.5,
        0.5,
        0.5
      ],
      "post-rotation": [
        0.0,
        0.0,
        0.0,
        0.99830717
      ],
      "origin": "corner"
    },
    "firstperson_lefthand": {
      "translation": [
        0.0,
        -0.125,
        -0.125
      ],
      "rotation": [
        0.0,
        0.0,
        0.0,
        1.0
      ],
      "scale": [
        0.5,
        0.5,
        0.5
      ],
      "post-rotation": [
        0.0,
        0.0,
        0.0,
        0.99830717
      ],
      "origin": "corner"
    },
    "head": {
      "translation": [
        0.0,
        0.0,
        0.0
      ],
      "rotation": [
        0.0,
        0.0,
        0.0,
        1.0
      ],
      "scale": [
        0.5,
        0.5,
        0.5
      ],
      "post-rotation": [
        0.0,
        0.0,
        0.0,
        0.99830717
      ],
      "origin": "corner"
    },
    "gui": {
      "translation": [
        -2.9802322E-8,
        -0.25000012,
        -0.12499994
      ],
      "rotation": [
        0.099045776,
        0.8923991,
        0.2391176,
        0.36964378
      ],
      "scale": [
        0.99999976,
        0.9999999,
        0.99999964
      ],
      "post-rotation": [
        0.0,
        0.0,
        0.0,
        0.99830717
      ],
      "origin": "corner"
    },
    "ground": {
      "translation": [
        0.0,
        0.0,
        0.0
      ],
      "rotation": [
        0.0,
        0.0,
        0.0,
        1.0
      ],
      "scale": [
        0.5,
        0.5,
        0.5
      ],
      "post-rotation": [
        0.0,
        0.0,
        0.0,
        0.99830717
      ],
      "origin": "corner"
    },
    "fixed": {
      "translation": [
        0.12500018,
        -0.1875,
        0.0
      ],
      "rotation": [
        0.0,
        -0.70710677,
        0.0,
        0.7071069
      ],
      "scale": [
        0.9999999,
        1.0,
        0.9999999
      ],
      "post-rotation": [
        0.0,
        0.0,
        0.0,
        0.99830717
      ],
      "origin": "corner"
    }
  }
}