{
  "display": {
    "firstperson_lefthand": {
      "scale": [
        0.125,
        0.125,
        0.125
      ]
    },
    "firstperson_righthand": {
      "scale": [
        0.125,
        0.125,
        0.125
      ]
    },
    "fixed": {
      "rotation": [
        0.0,
        90.0,
        0.0
      ],
      "scale": [
        0.18749997,
        0.18749997,
        0.18749997
      ],
      "translation": [
        -1.4901161E-7,
        -4.0,
        3.5762787E-7
      ]
    },
    "ground": {
      "scale": [
        0.125,
        0.125,
        0.125
      ]
    },
    "gui": {
      "rotation": [
        20.000004,
        44.999992,
        6.03709E-6
      ],
      "scale": [
        0.34375006,
        0.23437506,
        0.3437501
      ],
      "translation": [
        2.0000005,
        -6.0,
        -1.9999988
      ]
    },
    "head": {
      "scale": [
        0.125,
        0.125,
        0.125
      ]
    },
    "thirdperson_lefthand": {
      "rotation": [
        70.00001,
        0.0,
        0.0
      ],
      "scale": [
        0.125,
        0.125,
        0.125
      ],
      "translation": [
        0.0,
        1.9999998,
        -2.7499998
      ]
    },
    "thirdperson_righthand": {
      "rotation": [
        70.00001,
        0.0,
        0.0
      ],
      "scale": [
        0.125,
        0.125,
        0.125
      ],
      "translation": [
        0.0,
        1.9999998,
        -2.7499998
      ]
    }
  },
  "flip_v": true,
  "loader": "forge:obj",
  "model": "immersiveengineering:models/block/wooden_device/wooden_post_inv.obj",
  "textures": {
    "post": "immersiveengineering:block/metal_decoration/aluminum_post"
  }
}