{
  "display": {
    "firstperson_lefthand": {
      "right_rotation": [
        -0.0,
        0.0,
        -0.0
      ],
      "scale": [
        0.5,
        0.5,
        0.5
      ],
      "translation": [
        4.0,
        2.0,
        2.0
      ]
    },
    "firstperson_righthand": {
      "right_rotation": [
        -0.0,
        0.0,
        -0.0
      ],
      "scale": [
        0.5,
        0.5,
        0.5
      ],
      "translation": [
        4.0,
        2.0,
        2.0
      ]
    },
    "fixed": {
      "right_rotation": [
        -0.0,
        0.0,
        -0.0
      ],
      "rotation": [
        0.0,
        -90.0,
        0.0
      ],
      "scale": [
        0.9999998,
        0.9999999,
        0.9999998
      ],
      "translation": [
        18.000002,
        -3.0,
        0.0
      ]
    },
    "ground": {
      "right_rotation": [
        -0.0,
        0.0,
        -0.0
      ],
      "scale": [
        0.5,
        0.5,
        0.5
      ],
      "translation": [
        4.0,
        4.0,
        4.0
      ]
    },
    "gui": {
      "right_rotation": [
        -0.0,
        0.0,
        -0.0
      ],
      "rotation": [
        -149.99998,
        44.999992,
        179.99998
      ],
      "scale": [
        0.9999997,
        0.99999976,
        0.99999964
      ],
      "translation": [
        7.9999995,
        -8.585057,
        11.797958
      ]
    },
    "head": {
      "right_rotation": [
        -0.0,
        0.0,
        -0.0
      ],
      "scale": [
        0.5,
        0.5,
        0.5
      ],
      "translation": [
        4.0,
        4.0,
        4.0
      ]
    },
    "thirdperson_lefthand": {
      "right_rotation": [
        -0.0,
        0.0,
        -0.0
      ],
      "rotation": [
        69.99998,
        69.99998,
        -4.9925357E-6
      ],
      "scale": [
        0.49999994,
        0.49999976,
        0.4999997
      ],
      "translation": [
        -0.12685132,
        5.8854055,
        2.3088937
      ]
    },
    "thirdperson_righthand": {
      "right_rotation": [
        -0.0,
        0.0,
        -0.0
      ],
      "rotation": [
        69.99998,
        69.99998,
        -4.9925357E-6
      ],
      "scale": [
        0.49999994,
        0.49999976,
        0.4999997
      ],
      "translation": [
        -0.12685132,
        5.8854055,
        2.3088937
      ]
    }
  },
  "flip_v": true,
  "loader": "forge:obj",
  "model": "immersiveengineering:models/block/wooden_device/wallmount.obj",
  "textures": {
    "texture": "immersiveengineering:block/metal_decoration/aluminum_wallmount"
  }
}