{
  "display": {
    "firstperson_lefthand": {
      "right_rotation": [
        -0.0,
        0.0,
        -0.0
      ],
      "scale": [
        0.125,
        0.125,
        0.125
      ]
    },
    "firstperson_righthand": {
      "right_rotation": [
        -0.0,
        0.0,
        -0.0
      ],
      "scale": [
        0.125,
        0.125,
        0.125
      ]
    },
    "fixed": {
      "right_rotation": [
        -0.0,
        0.0,
        -0.0
      ],
      "rotation": [
        0.0,
        90.0,
        0.0
      ],
      "scale": [
        0.18749997,
        0.18749996,
        0.18749996
      ],
      "translation": [
        -1.4901161E-7,
        -4.0,
        3.5762787E-7
      ]
    },
    "ground": {
      "right_rotation": [
        -0.0,
        0.0,
        -0.0
      ],
      "scale": [
        0.125,
        0.125,
        0.125
      ]
    },
    "gui": {
      "right_rotation": [
        -0.0,
        0.0,
        -0.0
      ],
      "rotation": [
        19.999994,
        44.999977,
        1.8111268E-6
      ],
      "scale": [
        0.34375006,
        0.234375,
        0.34375003
      ],
      "translation": [
        2.0000005,
        -6.0,
        -1.9999988
      ]
    },
    "head": {
      "right_rotation": [
        -0.0,
        0.0,
        -0.0
      ],
      "scale": [
        0.125,
        0.125,
        0.125
      ]
    },
    "thirdperson_lefthand": {
      "right_rotation": [
        -0.0,
        0.0,
        -0.0
      ],
      "rotation": [
        70.0,
        0.0,
        0.0
      ],
      "scale": [
        0.125,
        0.12500001,
        0.12500001
      ],
      "translation": [
        0.0,
        1.9999998,
        -2.7499998
      ]
    },
    "thirdperson_righthand": {
      "right_rotation": [
        -0.0,
        0.0,
        -0.0
      ],
      "rotation": [
        70.0,
        0.0,
        0.0
      ],
      "scale": [
        0.125,
        0.12500001,
        0.12500001
      ],
      "translation": [
        0.0,
        1.9999998,
        -2.7499998
      ]
    }
  },
  "flip_v": true,
  "loader": "forge:obj",
  "model": "immersiveengineering:models/block/wooden_device/wooden_post_inv.obj",
  "textures": {
    "post": "immersiveengineering:block/metal_decoration/aluminum_post"
  }
}