{
  "loader": "forge:obj",
  "model": "immersiveengineering:models/block/metal_multiblock/arc_furnace.obj",
  "flip-v": true,
  "transform": {
    "thirdperson_righthand": {
      "translation": [
        0.0,
        -0.125,
        0.0
      ],
      "rotation": [
        0.16043,
        -0.37686962,
        -0.06645229,
        0.9098437
      ],
      "scale": [
        0.15625,
        0.15625,
        0.15625
      ],
      "post-rotation": [
        0.0,
        0.0,
        0.0,
        1.0
      ],
      "origin": "corner"
    },
    "thirdperson_lefthand": {
      "translation": [
        0.0,
        -0.125,
        0.0
      ],
      "rotation": [
        0.16043,
        -0.37686962,
        -0.06645229,
        0.9098437
      ],
      "scale": [
        0.15625,
        0.15625,
        0.15625
      ],
      "post-rotation": [
        0.0,
        0.0,
        0.0,
        1.0
      ],
      "origin": "corner"
    },
    "firstperson_righthand": {
      "translation": [
        0.0,
        -0.125,
        0.0
      ],
      "rotation": [
        0.16043,
        -0.37686962,
        -0.06645229,
        0.9098437
      ],
      "scale": [
        0.15625,
        0.15625,
        0.15625
      ],
      "post-rotation": [
        0.0,
        0.0,
        0.0,
        1.0
      ],
      "origin": "corner"
    },
    "firstperson_lefthand": {
      "translation": [
        0.0,
        -0.125,
        0.0
      ],
      "rotation": [
        0.16043,
        -0.37686962,
        -0.06645229,
        0.9098437
      ],
      "scale": [
        0.15625,
        0.15625,
        0.15625
      ],
      "post-rotation": [
        0.0,
        0.0,
        0.0,
        1.0
      ],
      "origin": "corner"
    },
    "head": {
      "translation": [
        0.0,
        -0.125,
        0.0
      ],
      "rotation": [
        0.16043,
        -0.37686962,
        -0.06645229,
        0.9098437
      ],
      "scale": [
        0.15625,
        0.15625,
        0.15625
      ],
      "post-rotation": [
        0.0,
        0.0,
        0.0,
        1.0
      ],
      "origin": "corner"
    },
    "gui": {
      "translation": [
        0.0,
        -0.125,
        0.0
      ],
      "rotation": [
        0.16043,
        -0.37686962,
        -0.06645229,
        0.9098437
      ],
      "scale": [
        0.15625,
        0.15625,
        0.15625
      ],
      "post-rotation": [
        0.0,
        0.0,
        0.0,
        1.0
      ],
      "origin": "corner"
    },
    "ground": {
      "translation": [
        0.0,
        -0.125,
        0.0
      ],
      "rotation": [
        0.16043,
        -0.37686962,
        -0.06645229,
        0.9098437
      ],
      "scale": [
        0.15625,
        0.15625,
        0.15625
      ],
      "post-rotation": [
        0.0,
        0.0,
        0.0,
        1.0
      ],
      "origin": "corner"
    },
    "fixed": {
      "translation": [
        0.0,
        -0.125,
        0.0
      ],
      "rotation": [
        0.16043,
        -0.37686962,
        -0.06645229,
        0.9098437
      ],
      "scale": [
        0.15625,
        0.15625,
        0.15625
      ],
      "post-rotation": [
        0.0,
        0.0,
        0.0,
        1.0
      ],
      "origin": "corner"
    }
  }
}