{
  "parent": "immersiveengineering:block/metal_multiblock/arc_furnace.obj",
  "display-trsr": {
    "none": {
      "translation": [
        0.5,
        0.33937475,
        0.36945733
      ],
      "rotation": [
        0.16043003,
        -0.37686953,
        -0.06645229,
        0.90984374
      ],
      "scale": [
        0.15625,
        0.15624999,
        0.15624999
      ],
      "post-rotation": [
        0.0,
        0.0,
        0.0,
        1.0
      ]
    },
    "third_person_left_hand": {
      "translation": [
        0.5,
        0.33937475,
        0.36945733
      ],
      "rotation": [
        0.16043003,
        -0.37686953,
        -0.06645229,
        0.90984374
      ],
      "scale": [
        0.15625,
        0.15624999,
        0.15624999
      ],
      "post-rotation": [
        0.0,
        0.0,
        0.0,
        1.0
      ]
    },
    "third_person_right_hand": {
      "translation": [
        0.5,
        0.33937475,
        0.36945733
      ],
      "rotation": [
        0.16043003,
        -0.37686953,
        -0.06645229,
        0.90984374
      ],
      "scale": [
        0.15625,
        0.15624999,
        0.15624999
      ],
      "post-rotation": [
        0.0,
        0.0,
        0.0,
        1.0
      ]
    },
    "first_person_left_hand": {
      "translation": [
        0.5,
        0.33937475,
        0.36945733
      ],
      "rotation": [
        0.16043003,
        -0.37686953,
        -0.06645229,
        0.90984374
      ],
      "scale": [
        0.15625,
        0.15624999,
        0.15624999
      ],
      "post-rotation": [
        0.0,
        0.0,
        0.0,
        1.0
      ]
    },
    "first_person_right_hand": {
      "translation": [
        0.5,
        0.33937475,
        0.36945733
      ],
      "rotation": [
        0.16043003,
        -0.37686953,
        -0.06645229,
        0.90984374
      ],
      "scale": [
        0.15625,
        0.15624999,
        0.15624999
      ],
      "post-rotation": [
        0.0,
        0.0,
        0.0,
        1.0
      ]
    },
    "head": {
      "translation": [
        0.5,
        0.33937475,
        0.36945733
      ],
      "rotation": [
        0.16043003,
        -0.37686953,
        -0.06645229,
        0.90984374
      ],
      "scale": [
        0.15625,
        0.15624999,
        0.15624999
      ],
      "post-rotation": [
        0.0,
        0.0,
        0.0,
        1.0
      ]
    },
    "gui": {
      "translation": [
        0.5,
        0.33937475,
        0.36945733
      ],
      "rotation": [
        0.16043003,
        -0.37686953,
        -0.06645229,
        0.90984374
      ],
      "scale": [
        0.15625,
        0.15624999,
        0.15624999
      ],
      "post-rotation": [
        0.0,
        0.0,
        0.0,
        1.0
      ]
    },
    "ground": {
      "translation": [
        0.5,
        0.33937475,
        0.36945733
      ],
      "rotation": [
        0.16043003,
        -0.37686953,
        -0.06645229,
        0.90984374
      ],
      "scale": [
        0.15625,
        0.15624999,
        0.15624999
      ],
      "post-rotation": [
        0.0,
        0.0,
        0.0,
        1.0
      ]
    },
    "fixed": {
      "translation": [
        0.5,
        0.33937475,
        0.36945733
      ],
      "rotation": [
        0.16043003,
        -0.37686953,
        -0.06645229,
        0.90984374
      ],
      "scale": [
        0.15625,
        0.15624999,
        0.15624999
      ],
      "post-rotation": [
        0.0,
        0.0,
        0.0,
        1.0
      ]
    }
  }
}