{
  "parent": "immersiveengineering:block/blast_furnace_on_split",
  "display": {
    "firstperson_lefthand": {
      "right_rotation": [
        -0.0,
        0.0,
        -0.0
      ],
      "rotation": [
        -180.0,
        -44.99998,
        -180.0
      ],
      "scale": [
        0.132,
        0.13200001,
        0.132
      ],
      "translation": [
        9.493409,
        6.9440002,
        8.000001
      ]
    },
    "firstperson_righthand": {
      "right_rotation": [
        -0.0,
        0.0,
        -0.0
      ],
      "rotation": [
        0.0,
        45.000004,
        0.0
      ],
      "scale": [
        0.132,
        0.13200001,
        0.132
      ],
      "translation": [
        6.50659,
        6.9440002,
        8.0
      ]
    },
    "fixed": {
      "right_rotation": [
        -0.0,
        0.0,
        -0.0
      ],
      "scale": [
        0.165,
        0.165,
        0.165
      ],
      "translation": [
        6.68,
        6.68,
        6.68
      ]
    },
    "ground": {
      "right_rotation": [
        -0.0,
        0.0,
        -0.0
      ],
      "scale": [
        0.0825,
        0.0825,
        0.0825
      ],
      "translation": [
        7.34,
        55.34,
        7.34
      ]
    },
    "gui": {
      "right_rotation": [
        -0.0,
        0.0,
        -0.0
      ],
      "rotation": [
        -150.0,
        -44.99999,
        179.99998
      ],
      "scale": [
        0.20625006,
        0.20625004,
        0.20625
      ],
      "translation": [
        10.333452,
        6.571058,
        7.175
      ]
    },
    "head": {
      "right_rotation": [
        -0.0,
        0.0,
        -0.0
      ],
      "scale": [
        0.33,
        0.33,
        0.33
      ],
      "translation": [
        5.3599997,
        5.3599997,
        5.3599997
      ]
    },
    "none": {
      "right_rotation": [
        -0.0,
        0.0,
        -0.0
      ],
      "scale": [
        0.33,
        0.33,
        0.33
      ],
      "translation": [
        5.3599997,
        5.3599997,
        5.3599997
      ]
    },
    "thirdperson_lefthand": {
      "right_rotation": [
        -0.0,
        0.0,
        -0.0
      ],
      "scale": [
        0.33,
        0.33,
        0.33
      ],
      "translation": [
        5.3599997,
        5.3599997,
        5.3599997
      ]
    },
    "thirdperson_righthand": {
      "right_rotation": [
        -0.0,
        0.0,
        -0.0
      ],
      "rotation": [
        74.99999,
        45.000004,
        0.0
      ],
      "scale": [
        0.12374999,
        0.12375001,
        0.12375001
      ],
      "translation": [
        6.599928,
        47.743767,
        7.043733
      ]
    }
  }
}