{
  "loader": "forge:obj",
  "model": "immersiveengineering:models/block/metal_device/blastfurnace_preheater.obj",
  "flip-v": true,
  "transform": {
    "thirdperson_righthand": {
      "translation": [
        0.0,
        0.09375,
        -0.171875
      ],
      "rotation": [
        0.4698464,
        0.4698464,
        0.32898995,
        0.67101
      ],
      "scale": [
        0.18750003,
        0.18750003,
        0.18750003
      ],
      "post-rotation": [
        0.0,
        0.0,
        0.0,
        1.0
      ]
    },
    "thirdperson_lefthand": {
      "translation": [
        0.0,
        0.09375,
        -0.171875
      ],
      "rotation": [
        0.4698464,
        0.4698464,
        0.32898995,
        0.67101
      ],
      "scale": [
        0.18750003,
        0.18750003,
        0.18750003
      ],
      "post-rotation": [
        0.0,
        0.0,
        0.0,
        1.0
      ]
    },
    "firstperson_righthand": {
      "translation": [
        0.0,
        0.0,
        0.0
      ],
      "rotation": [
        0.0,
        1.0,
        0.0,
        6.123234E-17
      ],
      "scale": [
        0.14062499,
        0.14062499,
        0.14062499
      ],
      "post-rotation": [
        0.0,
        0.0,
        0.0,
        1.0
      ]
    },
    "firstperson_lefthand": {
      "translation": [
        0.0,
        0.0,
        0.0
      ],
      "rotation": [
        0.0,
        1.0,
        0.0,
        6.123234E-17
      ],
      "scale": [
        0.14062499,
        0.14062499,
        0.14062499
      ],
      "post-rotation": [
        0.0,
        0.0,
        0.0,
        1.0
      ]
    },
    "head": {
      "translation": [
        0.0,
        0.0,
        0.0
      ],
      "rotation": [
        0.0,
        0.0,
        0.0,
        1.0
      ],
      "scale": [
        0.1875,
        0.1875,
        0.1875
      ],
      "post-rotation": [
        0.0,
        0.0,
        0.0,
        1.0
      ]
    },
    "gui": {
      "translation": [
        0.0,
        -0.25,
        0.0
      ],
      "rotation": [
        0.09904576,
        0.8923991,
        0.23911761,
        0.3696438
      ],
      "scale": [
        0.28125,
        0.28125,
        0.28125
      ],
      "post-rotation": [
        0.0,
        0.0,
        0.0,
        1.0
      ]
    },
    "ground": {
      "translation": [
        0.0,
        0.0,
        0.0
      ],
      "rotation": [
        0.0,
        0.0,
        0.0,
        1.0
      ],
      "scale": [
        0.1875,
        0.1875,
        0.1875
      ],
      "post-rotation": [
        0.0,
        0.0,
        0.0,
        1.0
      ]
    },
    "fixed": {
      "translation": [
        0.0,
        -0.25,
        0.0
      ],
      "rotation": [
        0.0,
        0.0,
        0.0,
        1.0
      ],
      "scale": [
        0.37499997,
        0.37499997,
        0.37499997
      ],
      "post-rotation": [
        0.0,
        0.0,
        0.0,
        1.0
      ]
    }
  }
}