{
  "parent": "immersiveengineering:block/metal_device/blastfurnace_preheater.obj",
  "display-trsr": {
    "none": {
      "translation": [
        0.40625,
        0.40625,
        0.40625
      ],
      "rotation": [
        0.0,
        0.0,
        0.0,
        1.0
      ],
      "scale": [
        0.18749999,
        0.18749999,
        0.18749999
      ],
      "post-rotation": [
        0.0,
        0.0,
        0.0,
        1.0
      ]
    },
    "third_person_left_hand": {
      "translation": [
        0.37983942,
        0.50903296,
        0.25919282
      ],
      "rotation": [
        0.4698464,
        0.4698464,
        0.32898995,
        0.67101
      ],
      "scale": [
        0.18750003,
        0.18750003,
        0.18750003
      ],
      "post-rotation": [
        0.0,
        0.0,
        0.0,
        1.0
      ]
    },
    "third_person_right_hand": {
      "translation": [
        0.37983942,
        0.50903296,
        0.25919282
      ],
      "rotation": [
        0.4698464,
        0.4698464,
        0.32898995,
        0.67101
      ],
      "scale": [
        0.18750003,
        0.18750003,
        0.18750003
      ],
      "post-rotation": [
        0.0,
        0.0,
        0.0,
        1.0
      ]
    },
    "first_person_left_hand": {
      "translation": [
        0.5703125,
        0.4296875,
        0.5703125
      ],
      "rotation": [
        0.0,
        1.0,
        0.0,
        6.123234E-17
      ],
      "scale": [
        0.14062499,
        0.14062499,
        0.14062499
      ],
      "post-rotation": [
        0.0,
        0.0,
        0.0,
        1.0
      ]
    },
    "first_person_right_hand": {
      "translation": [
        0.5703125,
        0.4296875,
        0.5703125
      ],
      "rotation": [
        0.0,
        1.0,
        0.0,
        6.123234E-17
      ],
      "scale": [
        0.14062499,
        0.14062499,
        0.14062499
      ],
      "post-rotation": [
        0.0,
        0.0,
        0.0,
        1.0
      ]
    },
    "head": {
      "translation": [
        0.40625,
        0.40625,
        0.40625
      ],
      "rotation": [
        0.0,
        0.0,
        0.0,
        1.0
      ],
      "scale": [
        0.18749999,
        0.18749999,
        0.18749999
      ],
      "post-rotation": [
        0.0,
        0.0,
        0.0,
        1.0
      ]
    },
    "gui": {
      "translation": [
        0.5,
        0.028778285,
        0.60191727
      ],
      "rotation": [
        0.09904577,
        0.892399,
        0.23911761,
        0.36964378
      ],
      "scale": [
        0.28124997,
        0.28125003,
        0.28124997
      ],
      "post-rotation": [
        0.0,
        0.0,
        0.0,
        1.0
      ]
    },
    "ground": {
      "translation": [
        0.40625,
        0.40625,
        0.40625
      ],
      "rotation": [
        0.0,
        0.0,
        0.0,
        1.0
      ],
      "scale": [
        0.18749999,
        0.18749999,
        0.18749999
      ],
      "post-rotation": [
        0.0,
        0.0,
        0.0,
        1.0
      ]
    },
    "fixed": {
      "translation": [
        0.3125,
        0.0625,
        0.3125
      ],
      "rotation": [
        0.0,
        0.0,
        0.0,
        1.0
      ],
      "scale": [
        0.37499997,
        0.37499997,
        0.37499997
      ],
      "post-rotation": [
        0.0,
        0.0,
        0.0,
        1.0
      ]
    }
  }
}