{
  "parent": "immersiveengineering:block/blast_furnace_on",
  "transform": {
    "thirdperson_righthand": {
      "translation": [
        -0.23483497,
        2.0485287,
        -0.31888893
      ],
      "rotation": [
        0.5624222,
        0.30360317,
        0.23296295,
        0.7329629
      ],
      "scale": [
        0.123749994,
        0.12374998,
        0.123750016
      ],
      "post-rotation": [
        0.0,
        0.0,
        0.0,
        0.99830717
      ]
    },
    "thirdperson_lefthand": {
      "translation": [
        0.0,
        0.0,
        0.0
      ],
      "rotation": [
        0.0,
        0.0,
        0.0,
        1.0
      ],
      "scale": [
        0.33,
        0.33,
        0.33
      ],
      "post-rotation": [
        0.0,
        0.0,
        0.0,
        1.0
      ]
    },
    "firstperson_righthand": {
      "translation": [
        -0.2171573,
        -0.3,
        -0.5
      ],
      "rotation": [
        0.0,
        0.3826835,
        0.0,
        0.9238795
      ],
      "scale": [
        0.13200001,
        0.13200001,
        0.13200001
      ],
      "post-rotation": [
        0.0,
        0.0,
        0.0,
        0.99830717
      ]
    },
    "firstperson_lefthand": {
      "translation": [
        -0.78284276,
        -0.3,
        -0.50000006
      ],
      "rotation": [
        0.0,
        0.9238795,
        0.0,
        -0.38268334
      ],
      "scale": [
        0.132,
        0.13200001,
        0.132
      ],
      "post-rotation": [
        0.0,
        0.0,
        0.0,
        0.99830717
      ]
    },
    "head": {
      "translation": [
        0.0,
        0.0,
        0.0
      ],
      "rotation": [
        0.0,
        0.0,
        0.0,
        1.0
      ],
      "scale": [
        0.33,
        0.33,
        0.33
      ],
      "post-rotation": [
        0.0,
        0.0,
        0.0,
        1.0
      ]
    },
    "gui": {
      "translation": [
        -0.94194174,
        -0.22936705,
        -0.34375006
      ],
      "rotation": [
        -0.099045716,
        0.89239913,
        0.23911767,
        -0.36964366
      ],
      "scale": [
        0.20625004,
        0.20625,
        0.20625003
      ],
      "post-rotation": [
        0.0,
        0.0,
        0.0,
        0.99830717
      ]
    },
    "ground": {
      "translation": [
        -0.375,
        2.625,
        -0.375
      ],
      "rotation": [
        0.0,
        0.0,
        0.0,
        1.0
      ],
      "scale": [
        0.0825,
        0.0825,
        0.0825
      ],
      "post-rotation": [
        0.0,
        0.0,
        0.0,
        0.99830717
      ]
    },
    "fixed": {
      "translation": [
        -0.25,
        -0.25,
        -0.25
      ],
      "rotation": [
        0.0,
        0.0,
        0.0,
        1.0
      ],
      "scale": [
        0.165,
        0.165,
        0.165
      ],
      "post-rotation": [
        0.0,
        0.0,
        0.0,
        0.99830717
      ]
    }
  }
}