{
  "display": {
    "firstperson_lefthand": {
      "rotation": [
        180.0,
        0.0,
        180.0
      ],
      "scale": [
        0.14062499,
        0.14062499,
        0.14062499
      ]
    },
    "firstperson_righthand": {
      "rotation": [
        180.0,
        0.0,
        180.0
      ],
      "scale": [
        0.14062499,
        0.14062499,
        0.14062499
      ]
    },
    "fixed": {
      "scale": [
        0.37499997,
        0.37499997,
        0.37499997
      ],
      "translation": [
        0.0,
        -4.0,
        0.0
      ]
    },
    "ground": {
      "scale": [
        0.1875,
        0.1875,
        0.1875
      ]
    },
    "gui": {
      "rotation": [
        -149.99998,
        44.999992,
        180.0
      ],
      "scale": [
        0.28124997,
        0.28124994,
        0.28124997
      ],
      "translation": [
        0.0,
        -4.0,
        0.0
      ]
    },
    "head": {
      "scale": [
        0.1875,
        0.1875,
        0.1875
      ]
    },
    "none": {
      "scale": [
        0.1875,
        0.1875,
        0.1875
      ]
    },
    "thirdperson_lefthand": {
      "rotation": [
        70.0,
        70.000015,
        9.985075E-6
      ],
      "scale": [
        0.18749999,
        0.18750001,
        0.18750001
      ],
      "translation": [
        0.0,
        1.5,
        -2.75
      ]
    },
    "thirdperson_righthand": {
      "rotation": [
        70.0,
        70.000015,
        9.985075E-6
      ],
      "scale": [
        0.18749999,
        0.18750001,
        0.18750001
      ],
      "translation": [
        0.0,
        1.5,
        -2.75
      ]
    }
  },
  "flip_v": true,
  "loader": "forge:obj",
  "model": "immersiveengineering:models/block/metal_device/blastfurnace_preheater.obj"
}