{
  "parent": "immersiveengineering:block/blast_furnace_on_split",
  "display": {
    "firstperson_lefthand": {
      "right_rotation": [
        0.0,
        0.0,
        180.0
      ],
      "rotation": [
        180.0,
        -44.99999,
        -0.0
      ],
      "scale": [
        0.13200001,
        0.13200001,
        0.13200001
      ]
    },
    "firstperson_righthand": {
      "right_rotation": [
        0.0,
        0.0,
        180.0
      ],
      "rotation": [
        0.0,
        45.000004,
        180.0
      ],
      "scale": [
        0.13200001,
        0.13200001,
        0.13200001
      ]
    },
    "fixed": {
      "right_rotation": [
        0.0,
        0.0,
        180.0
      ],
      "rotation": [
        0.0,
        0.0,
        180.0
      ],
      "scale": [
        0.165,
        0.165,
        0.165
      ]
    },
    "ground": {
      "right_rotation": [
        0.0,
        0.0,
        180.0
      ],
      "rotation": [
        0.0,
        0.0,
        180.0
      ],
      "scale": [
        0.0825,
        0.0825,
        0.0825
      ],
      "translation": [
        0.0,
        48.0,
        0.0
      ]
    },
    "gui": {
      "right_rotation": [
        0.0,
        0.0,
        180.0
      ],
      "rotation": [
        180.0,
        -44.999977,
        -29.999992
      ],
      "scale": [
        0.20625,
        0.20624998,
        0.20624995
      ]
    },
    "head": {
      "right_rotation": [
        0.0,
        0.0,
        180.0
      ],
      "rotation": [
        0.0,
        0.0,
        180.0
      ],
      "scale": [
        0.33,
        0.33,
        0.33
      ]
    },
    "none": {
      "right_rotation": [
        0.0,
        0.0,
        180.0
      ],
      "rotation": [
        0.0,
        0.0,
        180.0
      ],
      "scale": [
        0.33,
        0.33,
        0.33
      ]
    },
    "thirdperson_lefthand": {
      "right_rotation": [
        0.0,
        0.0,
        180.0
      ],
      "rotation": [
        0.0,
        0.0,
        180.0
      ],
      "scale": [
        0.33,
        0.33,
        0.33
      ]
    },
    "thirdperson_righthand": {
      "right_rotation": [
        0.0,
        0.0,
        180.0
      ],
      "rotation": [
        -7.244509E-6,
        44.99999,
        104.999985
      ],
      "scale": [
        0.123749994,
        0.12375,
        0.12375001
      ],
      "translation": [
        0.0,
        40.0,
        0.0
      ]
    }
  }
}