{
  "display": {
    "firstperson_lefthand": {
      "rotation": [
        -180.0,
        -5.0089557E-6,
        -180.0
      ],
      "scale": [
        0.14062499,
        0.14062499,
        0.14062499
      ]
    },
    "firstperson_righthand": {
      "rotation": [
        -180.0,
        -5.0089557E-6,
        -180.0
      ],
      "scale": [
        0.14062499,
        0.14062499,
        0.14062499
      ]
    },
    "fixed": {
      "scale": [
        0.37499997,
        0.37499997,
        0.37499997
      ],
      "translation": [
        0.0,
        -4.0,
        0.0
      ]
    },
    "ground": {
      "scale": [
        0.1875,
        0.1875,
        0.1875
      ]
    },
    "gui": {
      "rotation": [
        -150.0,
        44.999992,
        -179.99998
      ],
      "scale": [
        0.28125,
        0.28125,
        0.28124997
      ],
      "translation": [
        0.0,
        -4.0,
        0.0
      ]
    },
    "head": {
      "scale": [
        0.1875,
        0.1875,
        0.1875
      ]
    },
    "none": {
      "scale": [
        0.1875,
        0.1875,
        0.1875
      ]
    },
    "thirdperson_lefthand": {
      "rotation": [
        70.00004,
        70.00004,
        -9.985075E-6
      ],
      "scale": [
        0.18750004,
        0.18750003,
        0.18750003
      ],
      "translation": [
        0.0,
        1.5,
        -2.75
      ]
    },
    "thirdperson_righthand": {
      "rotation": [
        70.00004,
        70.00004,
        -9.985075E-6
      ],
      "scale": [
        0.18750004,
        0.18750003,
        0.18750003
      ],
      "translation": [
        0.0,
        1.5,
        -2.75
      ]
    }
  },
  "flip_v": true,
  "loader": "forge:obj",
  "model": "immersiveengineering:models/block/metal_device/blastfurnace_preheater.obj"
}