{
  "flip_v": true,
  "loader": "forge:obj",
  "model": "immersiveengineering:models/block/metal_device/blastfurnace_preheater.obj",
  "transform": {
    "firstperson_lefthand": {
      "origin": "corner",
      "post-rotation": [
        0.0,
        0.0,
        0.0,
        0.99830717
      ],
      "rotation": [
        0.0,
        1.0,
        0.0,
        -4.371139E-8
      ],
      "scale": [
        0.14062499,
        0.14062499,
        0.14062499
      ],
      "translation": [
        0.0,
        0.0,
        0.0
      ]
    },
    "firstperson_righthand": {
      "origin": "corner",
      "post-rotation": [
        0.0,
        0.0,
        0.0,
        0.99830717
      ],
      "rotation": [
        0.0,
        1.0,
        0.0,
        -4.371139E-8
      ],
      "scale": [
        0.14062499,
        0.14062499,
        0.14062499
      ],
      "translation": [
        0.0,
        0.0,
        0.0
      ]
    },
    "fixed": {
      "origin": "corner",
      "post-rotation": [
        0.0,
        0.0,
        0.0,
        0.99830717
      ],
      "rotation": [
        0.0,
        0.0,
        0.0,
        1.0
      ],
      "scale": [
        0.37499997,
        0.37499997,
        0.37499997
      ],
      "translation": [
        0.0,
        -0.25,
        0.0
      ]
    },
    "ground": {
      "origin": "corner",
      "post-rotation": [
        0.0,
        0.0,
        0.0,
        1.0
      ],
      "rotation": [
        0.0,
        0.0,
        0.0,
        1.0
      ],
      "scale": [
        0.1875,
        0.1875,
        0.1875
      ],
      "translation": [
        0.0,
        0.0,
        0.0
      ]
    },
    "gui": {
      "origin": "corner",
      "post-rotation": [
        0.0,
        0.0,
        0.0,
        0.99830717
      ],
      "rotation": [
        0.099045776,
        0.89239913,
        0.23911764,
        0.36964378
      ],
      "scale": [
        0.28125,
        0.28125,
        0.28124997
      ],
      "translation": [
        0.0,
        -0.25,
        0.0
      ]
    },
    "head": {
      "origin": "corner",
      "post-rotation": [
        0.0,
        0.0,
        0.0,
        1.0
      ],
      "rotation": [
        0.0,
        0.0,
        0.0,
        1.0
      ],
      "scale": [
        0.1875,
        0.1875,
        0.1875
      ],
      "translation": [
        0.0,
        0.0,
        0.0
      ]
    },
    "none": {
      "origin": "corner",
      "post-rotation": [
        0.0,
        0.0,
        0.0,
        1.0
      ],
      "rotation": [
        0.0,
        0.0,
        0.0,
        1.0
      ],
      "scale": [
        0.1875,
        0.1875,
        0.1875
      ],
      "translation": [
        0.0,
        0.0,
        0.0
      ]
    },
    "thirdperson_lefthand": {
      "origin": "corner",
      "post-rotation": [
        0.0,
        0.0,
        0.0,
        0.99830717
      ],
      "rotation": [
        0.46984637,
        0.4698464,
        0.32898998,
        0.6710101
      ],
      "scale": [
        0.18750004,
        0.18750003,
        0.18750003
      ],
      "translation": [
        0.0,
        0.09375,
        -0.171875
      ]
    },
    "thirdperson_righthand": {
      "origin": "corner",
      "post-rotation": [
        0.0,
        0.0,
        0.0,
        0.99830717
      ],
      "rotation": [
        0.46984637,
        0.4698464,
        0.32898998,
        0.6710101
      ],
      "scale": [
        0.18750004,
        0.18750003,
        0.18750003
      ],
      "translation": [
        0.0,
        0.09375,
        -0.171875
      ]
    }
  }
}