{
  "display": {
    "firstperson_lefthand": {
      "right_rotation": [
        -0.0,
        0.0,
        -0.0
      ],
      "rotation": [
        180.0,
        0.0,
        180.0
      ],
      "scale": [
        0.140625,
        0.140625,
        0.140625
      ],
      "translation": [
        9.125,
        6.875,
        9.125
      ]
    },
    "firstperson_righthand": {
      "right_rotation": [
        -0.0,
        0.0,
        -0.0
      ],
      "rotation": [
        180.0,
        0.0,
        180.0
      ],
      "scale": [
        0.140625,
        0.140625,
        0.140625
      ],
      "translation": [
        9.125,
        6.875,
        9.125
      ]
    },
    "fixed": {
      "right_rotation": [
        -0.0,
        0.0,
        -0.0
      ],
      "scale": [
        0.375,
        0.375,
        0.375
      ],
      "translation": [
        5.0,
        1.0,
        5.0
      ]
    },
    "ground": {
      "right_rotation": [
        -0.0,
        0.0,
        -0.0
      ],
      "scale": [
        0.1875,
        0.1875,
        0.1875
      ],
      "translation": [
        6.5,
        6.5,
        6.5
      ]
    },
    "gui": {
      "right_rotation": [
        -0.0,
        0.0,
        -0.0
      ],
      "rotation": [
        -149.99997,
        45.000004,
        179.99998
      ],
      "scale": [
        0.28125003,
        0.28124994,
        0.28125
      ],
      "translation": [
        8.0,
        0.46045327,
        9.630676
      ]
    },
    "head": {
      "right_rotation": [
        -0.0,
        0.0,
        -0.0
      ],
      "scale": [
        0.1875,
        0.1875,
        0.1875
      ],
      "translation": [
        6.5,
        6.5,
        6.5
      ]
    },
    "none": {
      "right_rotation": [
        -0.0,
        0.0,
        -0.0
      ],
      "scale": [
        0.1875,
        0.1875,
        0.1875
      ],
      "translation": [
        6.5,
        6.5,
        6.5
      ]
    },
    "thirdperson_lefthand": {
      "right_rotation": [
        -0.0,
        0.0,
        -0.0
      ],
      "rotation": [
        69.99999,
        69.99999,
        4.9925357E-6
      ],
      "scale": [
        0.18749997,
        0.1875,
        0.1875
      ],
      "translation": [
        6.077431,
        8.144527,
        4.147085
      ]
    },
    "thirdperson_righthand": {
      "right_rotation": [
        -0.0,
        0.0,
        -0.0
      ],
      "rotation": [
        69.99999,
        69.99999,
        4.9925357E-6
      ],
      "scale": [
        0.18749997,
        0.1875,
        0.1875
      ],
      "translation": [
        6.077431,
        8.144527,
        4.147085
      ]
    }
  },
  "flip_v": true,
  "loader": "forge:obj",
  "model": "immersiveengineering:models/block/metal_device/blastfurnace_preheater.obj"
}