{
  "parent": "immersiveengineering:block/metal_multiblock/bottling_machine.obj",
  "display-trsr": {
    "none": {
      "translation": [
        0.59375,
        0.5679996,
        0.29113173
      ],
      "rotation": [
        0.16042998,
        -0.3768696,
        -0.06645227,
        0.9098436
      ],
      "scale": [
        0.24999999,
        0.24999999,
        0.24999999
      ],
      "post-rotation": [
        0.0,
        0.0,
        0.0,
        1.0
      ]
    },
    "third_person_left_hand": {
      "translation": [
        0.59375,
        0.5679996,
        0.29113173
      ],
      "rotation": [
        0.16042998,
        -0.3768696,
        -0.06645227,
        0.9098436
      ],
      "scale": [
        0.24999999,
        0.24999999,
        0.24999999
      ],
      "post-rotation": [
        0.0,
        0.0,
        0.0,
        1.0
      ]
    },
    "third_person_right_hand": {
      "translation": [
        0.59375,
        0.5679996,
        0.29113173
      ],
      "rotation": [
        0.16042998,
        -0.3768696,
        -0.06645227,
        0.9098436
      ],
      "scale": [
        0.24999999,
        0.24999999,
        0.24999999
      ],
      "post-rotation": [
        0.0,
        0.0,
        0.0,
        1.0
      ]
    },
    "first_person_left_hand": {
      "translation": [
        0.59375,
        0.5679996,
        0.29113173
      ],
      "rotation": [
        0.16042998,
        -0.3768696,
        -0.06645227,
        0.9098436
      ],
      "scale": [
        0.24999999,
        0.24999999,
        0.24999999
      ],
      "post-rotation": [
        0.0,
        0.0,
        0.0,
        1.0
      ]
    },
    "first_person_right_hand": {
      "translation": [
        0.59375,
        0.5679996,
        0.29113173
      ],
      "rotation": [
        0.16042998,
        -0.3768696,
        -0.06645227,
        0.9098436
      ],
      "scale": [
        0.24999999,
        0.24999999,
        0.24999999
      ],
      "post-rotation": [
        0.0,
        0.0,
        0.0,
        1.0
      ]
    },
    "head": {
      "translation": [
        0.59375,
        0.5679996,
        0.29113173
      ],
      "rotation": [
        0.16042998,
        -0.3768696,
        -0.06645227,
        0.9098436
      ],
      "scale": [
        0.24999999,
        0.24999999,
        0.24999999
      ],
      "post-rotation": [
        0.0,
        0.0,
        0.0,
        1.0
      ]
    },
    "gui": {
      "translation": [
        0.59375,
        0.5679996,
        0.29113173
      ],
      "rotation": [
        0.16042998,
        -0.3768696,
        -0.06645227,
        0.9098436
      ],
      "scale": [
        0.24999999,
        0.24999999,
        0.24999999
      ],
      "post-rotation": [
        0.0,
        0.0,
        0.0,
        1.0
      ]
    },
    "ground": {
      "translation": [
        0.59375,
        0.5679996,
        0.29113173
      ],
      "rotation": [
        0.16042998,
        -0.3768696,
        -0.06645227,
        0.9098436
      ],
      "scale": [
        0.24999999,
        0.24999999,
        0.24999999
      ],
      "post-rotation": [
        0.0,
        0.0,
        0.0,
        1.0
      ]
    },
    "fixed": {
      "translation": [
        0.59375,
        0.5679996,
        0.29113173
      ],
      "rotation": [
        0.16042998,
        -0.3768696,
        -0.06645227,
        0.9098436
      ],
      "scale": [
        0.24999999,
        0.24999999,
        0.24999999
      ],
      "post-rotation": [
        0.0,
        0.0,
        0.0,
        1.0
      ]
    }
  }
}