{
  "display": {
    "firstperson_lefthand": {
      "right_rotation": [
        -0.0,
        0.0,
        -0.0
      ],
      "rotation": [
        180.0,
        0.0,
        180.0
      ],
      "scale": [
        0.375,
        0.375,
        0.375
      ],
      "translation": [
        11.0,
        7.0,
        11.0
      ]
    },
    "firstperson_righthand": {
      "right_rotation": [
        -0.0,
        0.0,
        -0.0
      ],
      "rotation": [
        180.0,
        0.0,
        180.0
      ],
      "scale": [
        0.375,
        0.375,
        0.375
      ],
      "translation": [
        11.0,
        7.0,
        11.0
      ]
    },
    "fixed": {
      "right_rotation": [
        -0.0,
        0.0,
        -0.0
      ],
      "translation": [
        0.0,
        -4.0,
        0.0
      ]
    },
    "ground": {
      "right_rotation": [
        -0.0,
        0.0,
        -0.0
      ],
      "scale": [
        0.5,
        0.5,
        0.5
      ],
      "translation": [
        4.0,
        4.0,
        4.0
      ]
    },
    "gui": {
      "right_rotation": [
        -0.0,
        0.0,
        -0.0
      ],
      "rotation": [
        -150.0,
        45.00001,
        180.0
      ],
      "scale": [
        0.7500002,
        0.7499999,
        0.75
      ],
      "translation": [
        7.999999,
        -1.4387925,
        12.34847
      ]
    },
    "head": {
      "right_rotation": [
        -0.0,
        0.0,
        -0.0
      ],
      "scale": [
        0.5,
        0.5,
        0.5
      ],
      "translation": [
        4.0,
        4.0,
        4.0
      ]
    },
    "none": {
      "right_rotation": [
        -0.0,
        0.0,
        -0.0
      ],
      "scale": [
        0.5,
        0.5,
        0.5
      ],
      "translation": [
        4.0,
        4.0,
        4.0
      ]
    },
    "thirdperson_lefthand": {
      "right_rotation": [
        -0.0,
        0.0,
        -0.0
      ],
      "rotation": [
        70.00002,
        70.000015,
        0.0
      ],
      "scale": [
        0.49999994,
        0.49999997,
        0.50000006
      ],
      "translation": [
        2.8731494,
        5.885406,
        7.058894
      ]
    },
    "thirdperson_righthand": {
      "right_rotation": [
        -0.0,
        0.0,
        -0.0
      ],
      "rotation": [
        70.00002,
        70.000015,
        0.0
      ],
      "scale": [
        0.49999994,
        0.49999997,
        0.50000006
      ],
      "translation": [
        2.8731494,
        5.885406,
        7.058894
      ]
    }
  },
  "flip_v": true,
  "loader": "forge:obj",
  "model": "immersiveengineering:models/block/connector/breaker_switch_off.obj.ie"
}