{
  "callbacks": "immersiveengineering:chemthrower",
  "display": {
    "firstperson_lefthand": {
      "right_rotation": [
        0.0,
        0.0,
        180.0
      ],
      "rotation": [
        -0.0,
        -90.0,
        0.0
      ],
      "scale": [
        0.37499994,
        0.37499994,
        -0.37499994
      ],
      "translation": [
        1.4999998,
        6.0,
        2.9999998
      ]
    },
    "firstperson_righthand": {
      "right_rotation": [
        0.0,
        0.0,
        180.0
      ],
      "rotation": [
        0.0,
        90.0,
        0.0
      ],
      "scale": [
        0.37499994,
        0.37499994,
        0.37499994
      ],
      "translation": [
        -1.5000002,
        6.0,
        3.0000002
      ]
    },
    "fixed": {
      "right_rotation": [
        0.0,
        0.0,
        180.0
      ],
      "rotation": [
        135.0,
        7.01671E-15,
        0.0
      ],
      "scale": [
        0.31250012,
        0.31250012,
        0.31250015
      ],
      "translation": [
        1.9999998,
        2.0000014,
        -4.000001
      ]
    },
    "ground": {
      "right_rotation": [
        0.0,
        0.0,
        180.0
      ],
      "rotation": [
        0.0,
        0.0,
        180.0
      ],
      "scale": [
        0.25,
        0.25,
        0.25
      ],
      "translation": [
        0.0,
        4.0,
        2.0
      ]
    },
    "gui": {
      "right_rotation": [
        0.0,
        0.0,
        180.0
      ],
      "rotation": [
        -157.49998,
        -56.24999,
        -1.5367515E-6
      ],
      "scale": [
        0.43750006,
        0.43750003,
        0.43750006
      ],
      "translation": [
        -2.9999995,
        5.0000005,
        -4.7683716E-7
      ]
    },
    "thirdperson_lefthand": {
      "right_rotation": [
        0.0,
        0.0,
        180.0
      ],
      "rotation": [
        -8.006271,
        -74.14153,
        98.00624
      ],
      "scale": [
        0.5,
        0.5,
        -0.50000006
      ],
      "translation": [
        8.34465E-7,
        11.999999,
        3.0000007
      ]
    },
    "thirdperson_righthand": {
      "right_rotation": [
        0.0,
        0.0,
        180.0
      ],
      "rotation": [
        -171.99373,
        74.14156,
        -81.99376
      ],
      "scale": [
        0.50000006,
        0.50000006,
        0.5000001
      ],
      "translation": [
        4.7683716E-7,
        12.000001,
        3.0000005
      ]
    }
  },
  "loader": "immersiveengineering:ie_obj",
  "model": "immersiveengineering:models/item/chemthrower.obj.ie"
}