{
  "callbacks": "immersiveengineering:chemthrower",
  "display": {
    "firstperson_lefthand": {
      "origin": "corner",
      "right_rotation": [
        0.0,
        0.0,
        0.0
      ],
      "rotation": [
        0.0,
        0.0,
        0.0
      ],
      "scale": [
        0.37499997,
        0.375,
        -0.37499997
      ],
      "translation": [
        0.09375,
        0.375,
        0.18749997
      ]
    },
    "firstperson_righthand": {
      "origin": "corner",
      "right_rotation": [
        0.0,
        0.0,
        0.0
      ],
      "rotation": [
        0.0,
        0.0,
        0.0
      ],
      "scale": [
        0.37499997,
        0.375,
        0.37499997
      ],
      "translation": [
        -0.09375,
        0.375,
        0.18750003
      ]
    },
    "fixed": {
      "origin": "corner",
      "right_rotation": [
        0.0,
        0.0,
        0.0
      ],
      "rotation": [
        3.1415927,
        -3.308722E-23,
        2.3561947
      ],
      "scale": [
        0.3125002,
        0.3125001,
        0.3125002
      ],
      "translation": [
        0.12499995,
        0.12500003,
        -0.25000012
      ]
    },
    "ground": {
      "origin": "corner",
      "right_rotation": [
        0.0,
        0.0,
        0.0
      ],
      "rotation": [
        0.0,
        0.0,
        0.0
      ],
      "scale": [
        0.25,
        0.25,
        0.25
      ],
      "translation": [
        0.0,
        0.25,
        0.125
      ]
    },
    "gui": {
      "origin": "corner",
      "right_rotation": [
        0.0,
        0.0,
        0.0
      ],
      "rotation": [
        2.6214688,
        -4.4703487E-8,
        -2.500936
      ],
      "scale": [
        0.43750006,
        0.43750006,
        0.43750006
      ],
      "translation": [
        -0.18749994,
        0.31250006,
        -1.4901161E-8
      ]
    },
    "thirdperson_lefthand": {
      "origin": "corner",
      "right_rotation": [
        0.0,
        0.0,
        0.0
      ],
      "rotation": [
        1.5312507,
        0.2740142,
        -1.2858722
      ],
      "scale": [
        0.5,
        0.5,
        -0.50000006
      ],
      "translation": [
        2.9802322E-8,
        0.74999994,
        0.18750006
      ]
    },
    "thirdperson_righthand": {
      "origin": "corner",
      "right_rotation": [
        0.0,
        0.0,
        0.0
      ],
      "rotation": [
        1.6103418,
        -0.2740144,
        1.8557206
      ],
      "scale": [
        0.5,
        0.5,
        0.50000006
      ],
      "translation": [
        2.9802322E-8,
        0.75000006,
        0.18750004
      ]
    }
  },
  "loader": "immersiveengineering:ie_obj",
  "model": "immersiveengineering:models/item/chemthrower.obj.ie"
}