{
  "callbacks": "immersiveengineering:chemthrower",
  "display": {
    "firstperson_lefthand": {
      "rotation": [
        0.0,
        -90.0,
        0.0
      ],
      "scale": [
        0.37499994,
        0.37499994,
        -0.37499994
      ],
      "translation": [
        1.4999998,
        6.0,
        2.9999998
      ]
    },
    "firstperson_righthand": {
      "rotation": [
        0.0,
        90.0,
        0.0
      ],
      "scale": [
        0.37499994,
        0.37499994,
        0.37499994
      ],
      "translation": [
        -1.5000002,
        6.0,
        3.0000002
      ]
    },
    "fixed": {
      "rotation": [
        180.0,
        7.01671E-15,
        -135.0
      ],
      "scale": [
        0.31250012,
        0.31250012,
        0.31250015
      ],
      "translation": [
        1.9999998,
        2.0000014,
        -4.000001
      ]
    },
    "ground": {
      "scale": [
        0.25,
        0.25,
        0.25
      ],
      "translation": [
        0.0,
        4.0,
        2.0
      ]
    },
    "gui": {
      "rotation": [
        -180.0,
        -56.24999,
        157.49998
      ],
      "scale": [
        0.43750006,
        0.43750003,
        0.43750006
      ],
      "translation": [
        -2.9999995,
        5.0000005,
        -4.7683716E-7
      ]
    },
    "thirdperson_lefthand": {
      "rotation": [
        81.99374,
        -74.14153,
        8.006271
      ],
      "scale": [
        0.5,
        0.5,
        -0.50000006
      ],
      "translation": [
        8.34465E-7,
        11.999999,
        3.0000007
      ]
    },
    "thirdperson_righthand": {
      "rotation": [
        -98.00627,
        74.14156,
        171.99373
      ],
      "scale": [
        0.50000006,
        0.50000006,
        0.5000001
      ],
      "translation": [
        4.7683716E-7,
        12.000001,
        3.0000005
      ]
    }
  },
  "loader": "immersiveengineering:ie_obj",
  "model": "immersiveengineering:models/item/chemthrower.obj.ie"
}