{
  "callbacks": "immersiveengineering:chemthrower",
  "loader": "immersiveengineering:ie_obj",
  "model": "immersiveengineering:models/item/chemthrower.obj.ie",
  "transform": {
    "firstperson_lefthand": {
      "origin": "corner",
      "post-rotation": [
        0.0,
        0.0,
        0.0,
        0.99830717
      ],
      "rotation": [
        0.0,
        -0.7071067,
        0.0,
        0.70710677
      ],
      "scale": [
        0.37499997,
        0.375,
        -0.37499997
      ],
      "translation": [
        0.09375,
        0.375,
        0.18749997
      ]
    },
    "firstperson_righthand": {
      "origin": "corner",
      "post-rotation": [
        0.0,
        0.0,
        0.0,
        0.99830717
      ],
      "rotation": [
        0.0,
        0.7071067,
        0.0,
        0.70710677
      ],
      "scale": [
        0.37499997,
        0.375,
        0.37499997
      ],
      "translation": [
        -0.09375,
        0.375,
        0.18750003
      ]
    },
    "fixed": {
      "origin": "corner",
      "post-rotation": [
        0.0,
        0.0,
        0.0,
        0.99830717
      ],
      "rotation": [
        0.3826833,
        0.9238797,
        2.3432604E-17,
        5.657129E-17
      ],
      "scale": [
        0.3125002,
        0.3125001,
        0.3125002
      ],
      "translation": [
        0.12499995,
        0.12500003,
        -0.25000012
      ]
    },
    "ground": {
      "origin": "corner",
      "post-rotation": [
        0.0,
        0.0,
        0.0,
        0.99830717
      ],
      "rotation": [
        0.0,
        0.0,
        0.0,
        1.0
      ],
      "scale": [
        0.25,
        0.25,
        0.25
      ],
      "translation": [
        0.0,
        0.25,
        0.125
      ]
    },
    "gui": {
      "origin": "corner",
      "post-rotation": [
        0.0,
        0.0,
        0.0,
        0.99830717
      ],
      "rotation": [
        -0.17205434,
        0.8649754,
        0.09196497,
        -0.46233892
      ],
      "scale": [
        0.43750006,
        0.43750006,
        0.43750006
      ],
      "translation": [
        -0.18749994,
        0.31250006,
        -1.4901161E-8
      ]
    },
    "head": {
      "origin": "corner",
      "post-rotation": [
        0.0,
        0.0,
        0.0,
        0.99830717
      ],
      "rotation": [
        0.0,
        0.0,
        0.0,
        1.0
      ],
      "scale": [
        1.0,
        1.0,
        1.0
      ],
      "translation": [
        0.0,
        0.0,
        0.0
      ]
    },
    "none": {
      "origin": "corner",
      "post-rotation": [
        0.0,
        0.0,
        0.0,
        0.99830717
      ],
      "rotation": [
        0.0,
        0.0,
        0.0,
        1.0
      ],
      "scale": [
        1.0,
        1.0,
        1.0
      ],
      "translation": [
        0.0,
        0.0,
        0.0
      ]
    },
    "thirdperson_lefthand": {
      "origin": "corner",
      "post-rotation": [
        0.0,
        0.0,
        0.0,
        0.99830717
      ],
      "rotation": [
        0.49039263,
        -0.4903926,
        -0.35244298,
        0.62834233
      ],
      "scale": [
        0.5,
        0.5,
        -0.50000006
      ],
      "translation": [
        2.9802322E-8,
        0.74999994,
        0.18750006
      ]
    },
    "thirdperson_righthand": {
      "origin": "corner",
      "post-rotation": [
        0.0,
        0.0,
        0.0,
        0.99830717
      ],
      "rotation": [
        0.3524429,
        0.62834233,
        0.49039268,
        0.4903926
      ],
      "scale": [
        0.5,
        0.5,
        0.50000006
      ],
      "translation": [
        2.9802322E-8,
        0.75000006,
        0.18750004
      ]
    }
  }
}