{
  "loader": "immersiveengineering:ie_obj",
  "model": "immersiveengineering:models/item/chemthrower.obj.ie",
  "flip-v": true,
  "transform": {
    "thirdperson_righthand": {
      "translation": [
        2.9802322E-8,
        0.75000006,
        0.18750004
      ],
      "rotation": [
        0.3524429,
        0.62834233,
        0.49039268,
        0.4903926
      ],
      "scale": [
        0.5,
        0.5,
        0.50000006
      ],
      "post-rotation": [
        0.0,
        0.0,
        0.0,
        1.0
      ]
    },
    "thirdperson_lefthand": {
      "translation": [
        2.9802322E-8,
        0.74999994,
        0.18750006
      ],
      "rotation": [
        0.49039268,
        -0.49039266,
        -0.35244295,
        0.6283424
      ],
      "scale": [
        0.50000006,
        0.5,
        -0.5000001
      ],
      "post-rotation": [
        0.0,
        0.0,
        0.0,
        1.0
      ]
    },
    "firstperson_righthand": {
      "translation": [
        -0.09375,
        0.375,
        0.18750003
      ],
      "rotation": [
        0.0,
        0.7071067,
        0.0,
        0.70710677
      ],
      "scale": [
        0.37499997,
        0.375,
        0.37499997
      ],
      "post-rotation": [
        0.0,
        0.0,
        0.0,
        1.0
      ]
    },
    "firstperson_lefthand": {
      "translation": [
        0.09375,
        0.375,
        0.18749997
      ],
      "rotation": [
        0.0,
        -0.7071067,
        0.0,
        0.70710677
      ],
      "scale": [
        0.37499997,
        0.375,
        -0.37499997
      ],
      "post-rotation": [
        0.0,
        0.0,
        0.0,
        1.0
      ]
    },
    "head": {
      "translation": [
        0.0,
        0.0,
        0.0
      ],
      "rotation": [
        0.0,
        0.0,
        0.0,
        1.0
      ],
      "scale": [
        1.0,
        1.0,
        1.0
      ],
      "post-rotation": [
        0.0,
        0.0,
        0.0,
        1.0
      ]
    },
    "gui": {
      "translation": [
        -0.18749994,
        0.31250006,
        -1.4901161E-8
      ],
      "rotation": [
        -0.17205434,
        0.8649754,
        0.09196497,
        -0.46233892
      ],
      "scale": [
        0.43750006,
        0.43750006,
        0.43750006
      ],
      "post-rotation": [
        0.0,
        0.0,
        0.0,
        1.0
      ]
    },
    "ground": {
      "translation": [
        0.0,
        0.25,
        0.125
      ],
      "rotation": [
        0.0,
        0.0,
        0.0,
        1.0
      ],
      "scale": [
        0.25,
        0.25,
        0.25
      ],
      "post-rotation": [
        0.0,
        0.0,
        0.0,
        1.0
      ]
    },
    "fixed": {
      "translation": [
        0.12499996,
        0.12500001,
        -0.25000003
      ],
      "rotation": [
        0.3826834,
        0.92387974,
        2.3432609E-17,
        5.6571306E-17
      ],
      "scale": [
        0.31250012,
        0.31250006,
        0.3125001
      ],
      "post-rotation": [
        0.0,
        0.0,
        0.0,
        1.0
      ]
    }
  }
}