{
  "textures": {
    "texture": "immersiveengineering:block/metal/sheetmetal_steel"
  },
  "loader": "forge:obj",
  "model": "immersiveengineering:models/block/metal_device/chute_inv.obj",
  "flip-v": true,
  "transform": {
    "thirdperson_righthand": {
      "translation": [
        -0.23483497,
        -0.29522142,
        -0.31888893
      ],
      "rotation": [
        0.5624222,
        0.3036032,
        0.23296294,
        0.7329629
      ],
      "scale": [
        0.37499994,
        0.3749999,
        0.37499994
      ],
      "post-rotation": [
        0.0,
        0.0,
        0.0,
        0.99830717
      ]
    },
    "thirdperson_lefthand": {
      "translation": [
        0.0,
        0.0,
        0.0
      ],
      "rotation": [
        0.0,
        0.0,
        0.0,
        1.0
      ],
      "scale": [
        1.0,
        1.0,
        1.0
      ],
      "post-rotation": [
        0.0,
        0.0,
        0.0,
        0.99830717
      ]
    },
    "firstperson_righthand": {
      "translation": [
        -0.2171573,
        -0.3,
        -0.5
      ],
      "rotation": [
        0.0,
        0.38268346,
        0.0,
        0.9238795
      ],
      "scale": [
        0.4,
        0.4,
        0.4
      ],
      "post-rotation": [
        0.0,
        0.0,
        0.0,
        0.99830717
      ]
    },
    "firstperson_lefthand": {
      "translation": [
        -0.78284276,
        -0.3,
        -0.50000006
      ],
      "rotation": [
        0.0,
        0.9238796,
        0.0,
        -0.3826834
      ],
      "scale": [
        0.40000007,
        0.40000004,
        0.40000007
      ],
      "post-rotation": [
        0.0,
        0.0,
        0.0,
        0.99830717
      ]
    },
    "head": {
      "translation": [
        0.0,
        0.0,
        0.0
      ],
      "rotation": [
        0.0,
        0.0,
        0.0,
        1.0
      ],
      "scale": [
        1.0,
        1.0,
        1.0
      ],
      "post-rotation": [
        0.0,
        0.0,
        0.0,
        0.99830717
      ]
    },
    "gui": {
      "translation": [
        -0.94194174,
        -0.22936705,
        -0.34375006
      ],
      "rotation": [
        -0.099045746,
        0.89239913,
        0.23911762,
        -0.36964372
      ],
      "scale": [
        0.62499994,
        0.6249999,
        0.625
      ],
      "post-rotation": [
        0.0,
        0.0,
        0.0,
        0.99830717
      ]
    },
    "ground": {
      "translation": [
        -0.375,
        -0.1875,
        -0.375
      ],
      "rotation": [
        0.0,
        0.0,
        0.0,
        1.0
      ],
      "scale": [
        0.25,
        0.25,
        0.25
      ],
      "post-rotation": [
        0.0,
        0.0,
        0.0,
        0.99830717
      ]
    },
    "fixed": {
      "translation": [
        -0.25,
        -0.25,
        -0.25
      ],
      "rotation": [
        0.0,
        0.0,
        0.0,
        1.0
      ],
      "scale": [
        0.5,
        0.5,
        0.5
      ],
      "post-rotation": [
        0.0,
        0.0,
        0.0,
        0.99830717
      ]
    }
  }
}