{
  "display": {
    "firstperson_lefthand": {
      "rotation": [
        37.499992,
        44.999996,
        -1.2074182E-6
      ],
      "scale": [
        0.5,
        0.5,
        0.5
      ],
      "translation": [
        -3.0,
        -3.0,
        0.0
      ]
    },
    "firstperson_righthand": {
      "rotation": [
        37.499992,
        44.999996,
        -1.2074182E-6
      ],
      "scale": [
        0.5,
        0.5,
        0.5
      ],
      "translation": [
        -3.0,
        -3.0,
        0.0
      ]
    },
    "fixed": {
      "rotation": [
        37.499992,
        44.999996,
        -1.2074182E-6
      ],
      "scale": [
        0.5,
        0.5,
        0.5
      ],
      "translation": [
        -3.0,
        -3.0,
        0.0
      ]
    },
    "ground": {
      "rotation": [
        37.499992,
        44.999996,
        -1.2074182E-6
      ],
      "scale": [
        0.5,
        0.5,
        0.5
      ],
      "translation": [
        -3.0,
        -3.0,
        0.0
      ]
    },
    "gui": {
      "rotation": [
        37.499992,
        44.999996,
        -1.2074182E-6
      ],
      "scale": [
        0.5,
        0.5,
        0.5
      ],
      "translation": [
        -3.0,
        -3.0,
        0.0
      ]
    },
    "head": {
      "rotation": [
        37.499992,
        44.999996,
        -1.2074182E-6
      ],
      "scale": [
        0.5,
        0.5,
        0.5
      ],
      "translation": [
        -3.0,
        -3.0,
        0.0
      ]
    },
    "none": {
      "rotation": [
        37.499992,
        44.999996,
        -1.2074182E-6
      ],
      "scale": [
        0.5,
        0.5,
        0.5
      ],
      "translation": [
        -3.0,
        -3.0,
        0.0
      ]
    },
    "thirdperson_lefthand": {
      "rotation": [
        99.99999,
        45.000004,
        2.4148364E-6
      ],
      "scale": [
        0.30000004,
        0.29999998,
        0.3
      ],
      "translation": [
        -1.8000001,
        2.3688526,
        -1.5966196
      ]
    },
    "thirdperson_righthand": {
      "rotation": [
        99.99999,
        45.000004,
        2.4148364E-6
      ],
      "scale": [
        0.30000004,
        0.29999998,
        0.3
      ],
      "translation": [
        -1.8000001,
        2.3688526,
        -1.5966196
      ]
    }
  },
  "flip_v": true,
  "loader": "forge:obj",
  "model": "immersiveengineering:models/block/wooden_device/circuit_table.obj"
}