{
  "display": {
    "firstperson_lefthand": {
      "origin": "corner",
      "right_rotation": [
        0.0,
        0.0,
        0.0
      ],
      "rotation": [
        0.8262184,
        0.44500163,
        0.54683685
      ],
      "scale": [
        0.5,
        0.5,
        0.5
      ],
      "translation": [
        -0.1875,
        -0.1875,
        0.0
      ]
    },
    "firstperson_righthand": {
      "origin": "corner",
      "right_rotation": [
        0.0,
        0.0,
        0.0
      ],
      "rotation": [
        0.8262184,
        0.44500163,
        0.54683685
      ],
      "scale": [
        0.5,
        0.5,
        0.5
      ],
      "translation": [
        -0.1875,
        -0.1875,
        0.0
      ]
    },
    "fixed": {
      "origin": "corner",
      "right_rotation": [
        0.0,
        0.0,
        0.0
      ],
      "rotation": [
        0.8262184,
        0.44500163,
        0.54683685
      ],
      "scale": [
        0.5,
        0.5,
        0.5
      ],
      "translation": [
        -0.1875,
        -0.1875,
        0.0
      ]
    },
    "ground": {
      "origin": "corner",
      "right_rotation": [
        0.0,
        0.0,
        0.0
      ],
      "rotation": [
        0.8262184,
        0.44500163,
        0.54683685
      ],
      "scale": [
        0.5,
        0.5,
        0.5
      ],
      "translation": [
        -0.1875,
        -0.1875,
        0.0
      ]
    },
    "gui": {
      "origin": "corner",
      "right_rotation": [
        0.0,
        0.0,
        0.0
      ],
      "rotation": [
        0.8262184,
        0.44500163,
        0.54683685
      ],
      "scale": [
        0.5,
        0.5,
        0.5
      ],
      "translation": [
        -0.1875,
        -0.1875,
        0.0
      ]
    },
    "head": {
      "origin": "corner",
      "right_rotation": [
        0.0,
        0.0,
        0.0
      ],
      "rotation": [
        0.8262184,
        0.44500163,
        0.54683685
      ],
      "scale": [
        0.5,
        0.5,
        0.5
      ],
      "translation": [
        -0.1875,
        -0.1875,
        0.0
      ]
    },
    "none": {
      "origin": "corner",
      "right_rotation": [
        0.0,
        0.0,
        0.0
      ],
      "rotation": [
        0.8262184,
        0.44500163,
        0.54683685
      ],
      "scale": [
        0.5,
        0.5,
        0.5
      ],
      "translation": [
        -0.1875,
        -0.1875,
        0.0
      ]
    },
    "thirdperson_lefthand": {
      "origin": "corner",
      "right_rotation": [
        0.0,
        0.0,
        0.0
      ],
      "rotation": [
        1.694838,
        0.77031916,
        0.777744
      ],
      "scale": [
        0.3,
        0.29999998,
        0.3
      ],
      "translation": [
        -0.112500004,
        0.14805329,
        -0.099788725
      ]
    },
    "thirdperson_righthand": {
      "origin": "corner",
      "right_rotation": [
        0.0,
        0.0,
        0.0
      ],
      "rotation": [
        1.694838,
        0.77031916,
        0.777744
      ],
      "scale": [
        0.3,
        0.29999998,
        0.3
      ],
      "translation": [
        -0.112500004,
        0.14805329,
        -0.099788725
      ]
    }
  },
  "flip_v": true,
  "loader": "forge:obj",
  "model": "immersiveengineering:models/block/wooden_device/circuit_table.obj"
}