{
  "display": {
    "firstperson_lefthand": {
      "right_rotation": [
        0.0,
        0.0,
        180.0
      ],
      "rotation": [
        180.0,
        0.0,
        0.0
      ],
      "scale": [
        0.18749999,
        0.18749999,
        0.18749999
      ]
    },
    "firstperson_righthand": {
      "right_rotation": [
        0.0,
        0.0,
        180.0
      ],
      "rotation": [
        180.0,
        0.0,
        0.0
      ],
      "scale": [
        0.18749999,
        0.18749999,
        0.18749999
      ]
    },
    "fixed": {
      "right_rotation": [
        0.0,
        0.0,
        180.0
      ],
      "rotation": [
        0.0,
        0.0,
        180.0
      ],
      "scale": [
        0.37499997,
        0.37499997,
        0.37499997
      ],
      "translation": [
        0.0,
        -6.0,
        0.0
      ]
    },
    "ground": {
      "right_rotation": [
        0.0,
        0.0,
        180.0
      ],
      "rotation": [
        0.0,
        0.0,
        180.0
      ],
      "scale": [
        0.1875,
        0.1875,
        0.1875
      ]
    },
    "gui": {
      "right_rotation": [
        0.0,
        0.0,
        180.0
      ],
      "rotation": [
        5.3129443E-6,
        50.000008,
        149.99998
      ],
      "scale": [
        0.30468753,
        0.30468747,
        0.3046875
      ],
      "translation": [
        0.0,
        -4.0,
        0.0
      ]
    },
    "head": {
      "right_rotation": [
        0.0,
        0.0,
        180.0
      ],
      "rotation": [
        0.0,
        0.0,
        180.0
      ],
      "scale": [
        0.1875,
        0.1875,
        0.1875
      ]
    },
    "none": {
      "right_rotation": [
        0.0,
        0.0,
        180.0
      ],
      "rotation": [
        0.0,
        0.0,
        180.0
      ],
      "scale": [
        0.1875,
        0.1875,
        0.1875
      ]
    },
    "thirdperson_lefthand": {
      "right_rotation": [
        0.0,
        0.0,
        180.0
      ],
      "rotation": [
        -9.985075E-6,
        70.000015,
        110.00002
      ],
      "scale": [
        0.18749999,
        0.18750001,
        0.18750001
      ],
      "translation": [
        0.0,
        1.5,
        -2.75
      ]
    },
    "thirdperson_righthand": {
      "right_rotation": [
        0.0,
        0.0,
        180.0
      ],
      "rotation": [
        -9.985075E-6,
        70.000015,
        110.00002
      ],
      "scale": [
        0.18749999,
        0.18750001,
        0.18750001
      ],
      "translation": [
        0.0,
        1.5,
        -2.75
      ]
    }
  },
  "flip_v": true,
  "loader": "forge:obj",
  "model": "immersiveengineering:models/block/metal_device/cloche.obj.ie",
  "render_type": "minecraft:translucent"
}