{
  "loader": "forge:obj",
  "model": "immersiveengineering:models/block/metal_device/cloche.obj.ie",
  "flip-v": true,
  "transform": {
    "thirdperson_righthand": {
      "translation": [
        0.14085639,
        0.045574278,
        -0.3042367
      ],
      "rotation": [
        0.46984637,
        0.4698464,
        0.32898998,
        0.6710101
      ],
      "scale": [
        0.18750004,
        0.18750003,
        0.18750003
      ],
      "post-rotation": [
        0.0,
        0.0,
        0.0,
        0.99830717
      ]
    },
    "thirdperson_lefthand": {
      "translation": [
        0.14085639,
        0.045574278,
        -0.3042367
      ],
      "rotation": [
        0.46984637,
        0.4698464,
        0.32898998,
        0.6710101
      ],
      "scale": [
        0.18750004,
        0.18750003,
        0.18750003
      ],
      "post-rotation": [
        0.0,
        0.0,
        0.0,
        0.99830717
      ]
    },
    "firstperson_righthand": {
      "translation": [
        -1.0,
        0.0,
        -1.0
      ],
      "rotation": [
        0.0,
        1.0,
        0.0,
        -4.371139E-8
      ],
      "scale": [
        0.18749999,
        0.18749999,
        0.18749999
      ],
      "post-rotation": [
        0.0,
        0.0,
        0.0,
        0.99830717
      ]
    },
    "firstperson_lefthand": {
      "translation": [
        -1.0,
        0.0,
        -1.0
      ],
      "rotation": [
        0.0,
        1.0,
        0.0,
        -4.371139E-8
      ],
      "scale": [
        0.18749999,
        0.18749999,
        0.18749999
      ],
      "post-rotation": [
        0.0,
        0.0,
        0.0,
        0.99830717
      ]
    },
    "head": {
      "translation": [
        0.0,
        0.0,
        0.0
      ],
      "rotation": [
        0.0,
        0.0,
        0.0,
        1.0
      ],
      "scale": [
        0.1875,
        0.1875,
        0.1875
      ],
      "post-rotation": [
        0.0,
        0.0,
        0.0,
        1.0
      ]
    },
    "gui": {
      "translation": [
        0.64467597,
        0.0037187934,
        -0.18047917
      ],
      "rotation": [
        0.23456974,
        0.40821788,
        0.10938167,
        0.87542605
      ],
      "scale": [
        0.30468753,
        0.3046875,
        0.3046875
      ],
      "post-rotation": [
        0.0,
        0.0,
        0.0,
        0.99830717
      ]
    },
    "ground": {
      "translation": [
        0.0,
        0.0,
        0.0
      ],
      "rotation": [
        0.0,
        0.0,
        0.0,
        1.0
      ],
      "scale": [
        0.1875,
        0.1875,
        0.1875
      ],
      "post-rotation": [
        0.0,
        0.0,
        0.0,
        1.0
      ]
    },
    "fixed": {
      "translation": [
        0.5,
        0.125,
        0.5
      ],
      "rotation": [
        0.0,
        0.0,
        0.0,
        1.0
      ],
      "scale": [
        0.37499997,
        0.37499997,
        0.37499997
      ],
      "post-rotation": [
        0.0,
        0.0,
        0.0,
        0.99830717
      ]
    }
  }
}