{
  "display": {
    "firstperson_lefthand": {
      "right_rotation": [
        0.0,
        0.0,
        0.0
      ],
      "rotation": [
        -180.0,
        -5.0089557E-6,
        -180.0
      ],
      "scale": [
        0.18749999,
        0.18749999,
        0.18749999
      ],
      "translation": [
        0.0,
        0.0,
        0.0
      ]
    },
    "firstperson_righthand": {
      "right_rotation": [
        0.0,
        0.0,
        0.0
      ],
      "rotation": [
        -180.0,
        -5.0089557E-6,
        -180.0
      ],
      "scale": [
        0.18749999,
        0.18749999,
        0.18749999
      ],
      "translation": [
        0.0,
        0.0,
        0.0
      ]
    },
    "fixed": {
      "right_rotation": [
        0.0,
        0.0,
        0.0
      ],
      "rotation": [
        0.0,
        0.0,
        0.0
      ],
      "scale": [
        0.37499997,
        0.37499997,
        0.37499997
      ],
      "translation": [
        0.0,
        -6.0,
        0.0
      ]
    },
    "ground": {
      "right_rotation": [
        0.0,
        0.0,
        0.0
      ],
      "rotation": [
        0.0,
        0.0,
        0.0
      ],
      "scale": [
        0.1875,
        0.1875,
        0.1875
      ],
      "translation": [
        0.0,
        0.0,
        0.0
      ]
    },
    "gui": {
      "right_rotation": [
        0.0,
        0.0,
        0.0
      ],
      "rotation": [
        30.0,
        49.999992,
        0.0
      ],
      "scale": [
        0.30468753,
        0.3046875,
        0.3046875
      ],
      "translation": [
        0.0,
        -4.0,
        0.0
      ]
    },
    "head": {
      "right_rotation": [
        0.0,
        0.0,
        0.0
      ],
      "rotation": [
        0.0,
        0.0,
        0.0
      ],
      "scale": [
        0.1875,
        0.1875,
        0.1875
      ],
      "translation": [
        0.0,
        0.0,
        0.0
      ]
    },
    "none": {
      "right_rotation": [
        0.0,
        0.0,
        0.0
      ],
      "rotation": [
        0.0,
        0.0,
        0.0
      ],
      "scale": [
        0.1875,
        0.1875,
        0.1875
      ],
      "translation": [
        0.0,
        0.0,
        0.0
      ]
    },
    "thirdperson_lefthand": {
      "right_rotation": [
        0.0,
        0.0,
        0.0
      ],
      "rotation": [
        70.00004,
        70.00004,
        -9.985075E-6
      ],
      "scale": [
        0.18750004,
        0.18750003,
        0.18750003
      ],
      "translation": [
        0.0,
        1.5,
        -2.75
      ]
    },
    "thirdperson_righthand": {
      "right_rotation": [
        0.0,
        0.0,
        0.0
      ],
      "rotation": [
        70.00004,
        70.00004,
        -9.985075E-6
      ],
      "scale": [
        0.18750004,
        0.18750003,
        0.18750003
      ],
      "translation": [
        0.0,
        1.5,
        -2.75
      ]
    }
  },
  "flip_v": true,
  "loader": "forge:obj",
  "model": "immersiveengineering:models/block/metal_device/cloche.obj.ie"
}