{
  "parent": "immersiveengineering:block/multiblocks/coke_oven_on",
  "display-trsr": {
    "none": {
      "translation": [
        0.33499998,
        0.33499998,
        0.33499998
      ],
      "rotation": [
        0.0,
        0.0,
        0.0,
        1.0
      ],
      "scale": [
        0.33,
        0.33,
        0.33
      ],
      "post-rotation": [
        0.0,
        0.0,
        0.0,
        1.0
      ]
    },
    "third_person_left_hand": {
      "translation": [
        0.33499998,
        0.33499998,
        0.33499998
      ],
      "rotation": [
        0.0,
        0.0,
        0.0,
        1.0
      ],
      "scale": [
        0.33,
        0.33,
        0.33
      ],
      "post-rotation": [
        0.0,
        0.0,
        0.0,
        1.0
      ]
    },
    "third_person_right_hand": {
      "translation": [
        0.41249552,
        2.9839857,
        0.44023335
      ],
      "rotation": [
        0.5624222,
        0.30360317,
        0.23296295,
        0.7329629
      ],
      "scale": [
        0.123749994,
        0.12374998,
        0.123750016
      ],
      "post-rotation": [
        0.0,
        0.0,
        0.0,
        1.0
      ]
    },
    "first_person_left_hand": {
      "translation": [
        0.59333813,
        0.434,
        0.5
      ],
      "rotation": [
        0.0,
        0.9238795,
        0.0,
        -0.38268334
      ],
      "scale": [
        0.132,
        0.13200001,
        0.132
      ],
      "post-rotation": [
        0.0,
        0.0,
        0.0,
        1.0
      ]
    },
    "first_person_right_hand": {
      "translation": [
        0.4066619,
        0.434,
        0.5
      ],
      "rotation": [
        0.0,
        0.3826835,
        0.0,
        0.9238795
      ],
      "scale": [
        0.13200001,
        0.13200001,
        0.13200001
      ],
      "post-rotation": [
        0.0,
        0.0,
        0.0,
        1.0
      ]
    },
    "head": {
      "translation": [
        0.33499998,
        0.33499998,
        0.33499998
      ],
      "rotation": [
        0.0,
        0.0,
        0.0,
        1.0
      ],
      "scale": [
        0.33,
        0.33,
        0.33
      ],
      "post-rotation": [
        0.0,
        0.0,
        0.0,
        1.0
      ]
    },
    "gui": {
      "translation": [
        0.64584076,
        0.41069114,
        0.4484375
      ],
      "rotation": [
        -0.099045716,
        0.89239913,
        0.23911767,
        -0.36964366
      ],
      "scale": [
        0.20625004,
        0.20625,
        0.20625003
      ],
      "post-rotation": [
        0.0,
        0.0,
        0.0,
        1.0
      ]
    },
    "ground": {
      "translation": [
        0.45875,
        3.45875,
        0.45875
      ],
      "rotation": [
        0.0,
        0.0,
        0.0,
        1.0
      ],
      "scale": [
        0.0825,
        0.0825,
        0.0825
      ],
      "post-rotation": [
        0.0,
        0.0,
        0.0,
        1.0
      ]
    },
    "fixed": {
      "translation": [
        0.4175,
        0.4175,
        0.4175
      ],
      "rotation": [
        0.0,
        0.0,
        0.0,
        1.0
      ],
      "scale": [
        0.165,
        0.165,
        0.165
      ],
      "post-rotation": [
        0.0,
        0.0,
        0.0,
        1.0
      ]
    }
  }
}