{
  "parent": "immersiveengineering:block/coke_oven_on_split",
  "display": {
    "firstperson_lefthand": {
      "right_rotation": [
        -0.0,
        0.0,
        -0.0
      ],
      "rotation": [
        -180.0,
        -44.99998,
        -180.0
      ],
      "scale": [
        0.132,
        0.13200001,
        0.132
      ]
    },
    "firstperson_righthand": {
      "right_rotation": [
        -0.0,
        0.0,
        -0.0
      ],
      "rotation": [
        0.0,
        45.000004,
        0.0
      ],
      "scale": [
        0.132,
        0.13200001,
        0.132
      ]
    },
    "fixed": {
      "right_rotation": [
        -0.0,
        0.0,
        -0.0
      ],
      "scale": [
        0.165,
        0.165,
        0.165
      ]
    },
    "ground": {
      "right_rotation": [
        -0.0,
        0.0,
        -0.0
      ],
      "scale": [
        0.0825,
        0.0825,
        0.0825
      ],
      "translation": [
        0.0,
        48.0,
        0.0
      ]
    },
    "gui": {
      "right_rotation": [
        -0.0,
        0.0,
        -0.0
      ],
      "rotation": [
        -150.0,
        -44.99999,
        179.99998
      ],
      "scale": [
        0.20625006,
        0.20625004,
        0.20625
      ]
    },
    "head": {
      "right_rotation": [
        -0.0,
        0.0,
        -0.0
      ],
      "scale": [
        0.33,
        0.33,
        0.33
      ]
    },
    "none": {
      "right_rotation": [
        -0.0,
        0.0,
        -0.0
      ],
      "scale": [
        0.33,
        0.33,
        0.33
      ]
    },
    "thirdperson_lefthand": {
      "right_rotation": [
        -0.0,
        0.0,
        -0.0
      ],
      "scale": [
        0.33,
        0.33,
        0.33
      ]
    },
    "thirdperson_righthand": {
      "right_rotation": [
        -0.0,
        0.0,
        -0.0
      ],
      "rotation": [
        74.99999,
        45.000004,
        0.0
      ],
      "scale": [
        0.12374999,
        0.12375001,
        0.12375001
      ],
      "translation": [
        0.0,
        40.0,
        0.0
      ]
    }
  }
}