{
  "parent": "immersiveengineering:block/coke_oven_on_split",
  "transform": {
    "firstperson_lefthand": {
      "origin": "corner",
      "post-rotation": [
        0.0,
        0.0,
        0.0,
        0.99830717
      ],
      "rotation": [
        0.0,
        0.9238795,
        0.0,
        -0.38268334
      ],
      "scale": [
        0.132,
        0.13200001,
        0.132
      ],
      "translation": [
        0.0,
        0.0,
        0.0
      ]
    },
    "firstperson_righthand": {
      "origin": "corner",
      "post-rotation": [
        0.0,
        0.0,
        0.0,
        0.99830717
      ],
      "rotation": [
        0.0,
        0.3826835,
        0.0,
        0.9238795
      ],
      "scale": [
        0.13200001,
        0.13200001,
        0.13200001
      ],
      "translation": [
        0.0,
        0.0,
        0.0
      ]
    },
    "fixed": {
      "origin": "corner",
      "post-rotation": [
        0.0,
        0.0,
        0.0,
        0.99830717
      ],
      "rotation": [
        0.0,
        0.0,
        0.0,
        1.0
      ],
      "scale": [
        0.165,
        0.165,
        0.165
      ],
      "translation": [
        0.0,
        0.0,
        0.0
      ]
    },
    "ground": {
      "origin": "corner",
      "post-rotation": [
        0.0,
        0.0,
        0.0,
        0.99830717
      ],
      "rotation": [
        0.0,
        0.0,
        0.0,
        1.0
      ],
      "scale": [
        0.0825,
        0.0825,
        0.0825
      ],
      "translation": [
        0.0,
        3.0,
        0.0
      ]
    },
    "gui": {
      "origin": "corner",
      "post-rotation": [
        0.0,
        0.0,
        0.0,
        0.99830717
      ],
      "rotation": [
        -0.099045716,
        0.89239913,
        0.23911767,
        -0.36964366
      ],
      "scale": [
        0.20625004,
        0.20625,
        0.20625003
      ],
      "translation": [
        0.0,
        0.0,
        0.0
      ]
    },
    "head": {
      "origin": "corner",
      "post-rotation": [
        0.0,
        0.0,
        0.0,
        1.0
      ],
      "rotation": [
        0.0,
        0.0,
        0.0,
        1.0
      ],
      "scale": [
        0.33,
        0.33,
        0.33
      ],
      "translation": [
        0.0,
        0.0,
        0.0
      ]
    },
    "thirdperson_lefthand": {
      "origin": "corner",
      "post-rotation": [
        0.0,
        0.0,
        0.0,
        1.0
      ],
      "rotation": [
        0.0,
        0.0,
        0.0,
        1.0
      ],
      "scale": [
        0.33,
        0.33,
        0.33
      ],
      "translation": [
        0.0,
        0.0,
        0.0
      ]
    },
    "thirdperson_righthand": {
      "origin": "corner",
      "post-rotation": [
        0.0,
        0.0,
        0.0,
        0.99830717
      ],
      "rotation": [
        0.5624222,
        0.30360317,
        0.23296295,
        0.7329629
      ],
      "scale": [
        0.123749994,
        0.12374998,
        0.123750016
      ],
      "translation": [
        0.0,
        2.5,
        0.0
      ]
    }
  }
}