{
  "parent": "immersiveengineering:block/coke_oven_on_split",
  "display": {
    "firstperson_lefthand": {
      "right_rotation": [
        0.0,
        0.0,
        0.0
      ],
      "rotation": [
        -180.0,
        -44.99998,
        -180.0
      ],
      "scale": [
        0.132,
        0.13200001,
        0.132
      ],
      "translation": [
        0.0,
        0.0,
        0.0
      ]
    },
    "firstperson_righthand": {
      "right_rotation": [
        0.0,
        0.0,
        0.0
      ],
      "rotation": [
        0.0,
        45.000004,
        0.0
      ],
      "scale": [
        0.13200001,
        0.13200001,
        0.13200001
      ],
      "translation": [
        0.0,
        0.0,
        0.0
      ]
    },
    "fixed": {
      "right_rotation": [
        0.0,
        0.0,
        0.0
      ],
      "rotation": [
        0.0,
        0.0,
        0.0
      ],
      "scale": [
        0.165,
        0.165,
        0.165
      ],
      "translation": [
        0.0,
        0.0,
        0.0
      ]
    },
    "ground": {
      "right_rotation": [
        0.0,
        0.0,
        0.0
      ],
      "rotation": [
        0.0,
        0.0,
        0.0
      ],
      "scale": [
        0.0825,
        0.0825,
        0.0825
      ],
      "translation": [
        0.0,
        48.0,
        0.0
      ]
    },
    "gui": {
      "right_rotation": [
        0.0,
        0.0,
        0.0
      ],
      "rotation": [
        -149.99998,
        -44.999977,
        -179.99998
      ],
      "scale": [
        0.20625004,
        0.20625,
        0.20625003
      ],
      "translation": [
        0.0,
        0.0,
        0.0
      ]
    },
    "head": {
      "right_rotation": [
        0.0,
        0.0,
        0.0
      ],
      "rotation": [
        0.0,
        0.0,
        0.0
      ],
      "scale": [
        0.33,
        0.33,
        0.33
      ],
      "translation": [
        0.0,
        0.0,
        0.0
      ]
    },
    "none": {
      "right_rotation": [
        0.0,
        0.0,
        0.0
      ],
      "rotation": [
        0.0,
        0.0,
        0.0
      ],
      "scale": [
        0.33,
        0.33,
        0.33
      ],
      "translation": [
        0.0,
        0.0,
        0.0
      ]
    },
    "thirdperson_lefthand": {
      "right_rotation": [
        0.0,
        0.0,
        0.0
      ],
      "rotation": [
        0.0,
        0.0,
        0.0
      ],
      "scale": [
        0.33,
        0.33,
        0.33
      ],
      "translation": [
        0.0,
        0.0,
        0.0
      ]
    },
    "thirdperson_righthand": {
      "right_rotation": [
        0.0,
        0.0,
        0.0
      ],
      "rotation": [
        74.99999,
        45.000004,
        4.829673E-6
      ],
      "scale": [
        0.123749994,
        0.12374998,
        0.123750016
      ],
      "translation": [
        0.0,
        40.0,
        0.0
      ]
    }
  }
}