{
  "display": {
    "firstperson_lefthand": {
      "right_rotation": [
        -0.0,
        0.0,
        -0.0
      ],
      "scale": [
        0.5,
        0.5,
        0.5
      ],
      "translation": [
        4.0,
        8.0,
        6.0
      ]
    },
    "firstperson_righthand": {
      "right_rotation": [
        -0.0,
        0.0,
        -0.0
      ],
      "scale": [
        0.5,
        0.5,
        0.5
      ],
      "translation": [
        4.0,
        8.0,
        6.0
      ]
    },
    "fixed": {
      "right_rotation": [
        -0.0,
        0.0,
        -0.0
      ],
      "rotation": [
        0.0,
        -90.0,
        0.0
      ],
      "scale": [
        0.9999999,
        0.99999994,
        0.9999999
      ],
      "translation": [
        16.0,
        4.7683716E-7,
        4.7683716E-7
      ]
    },
    "ground": {
      "right_rotation": [
        -0.0,
        0.0,
        -0.0
      ],
      "scale": [
        0.5,
        0.5,
        0.5
      ],
      "translation": [
        4.0,
        4.0,
        4.0
      ]
    },
    "gui": {
      "right_rotation": [
        -0.0,
        0.0,
        -0.0
      ],
      "rotation": [
        -150.0,
        45.00001,
        180.0
      ],
      "scale": [
        0.7500002,
        0.7499999,
        0.75
      ],
      "translation": [
        7.999999,
        0.56120753,
        12.34847
      ]
    },
    "head": {
      "right_rotation": [
        -0.0,
        0.0,
        -0.0
      ],
      "scale": [
        0.5,
        0.5,
        0.5
      ],
      "translation": [
        4.0,
        4.0,
        4.0
      ]
    },
    "none": {
      "right_rotation": [
        -0.0,
        0.0,
        -0.0
      ],
      "scale": [
        0.5,
        0.5,
        0.5
      ],
      "translation": [
        4.0,
        4.0,
        4.0
      ]
    },
    "thirdperson_lefthand": {
      "right_rotation": [
        -0.0,
        0.0,
        -0.0
      ],
      "rotation": [
        70.00002,
        70.000015,
        0.0
      ],
      "scale": [
        0.49999994,
        0.49999997,
        0.50000006
      ],
      "translation": [
        1.8731493,
        6.385406,
        8.058894
      ]
    },
    "thirdperson_righthand": {
      "right_rotation": [
        -0.0,
        0.0,
        -0.0
      ],
      "rotation": [
        70.00002,
        70.000015,
        0.0
      ],
      "scale": [
        0.49999994,
        0.49999997,
        0.50000006
      ],
      "translation": [
        1.8731493,
        6.385406,
        8.058894
      ]
    }
  },
  "flip_v": true,
  "loader": "forge:obj",
  "model": "immersiveengineering:models/block/connector/connector_bundled.obj"
}