{
  "loader": "forge:obj",
  "model": "immersiveengineering:models/block/connector/connector_hv.obj",
  "flip-v": true,
  "transform": {
    "thirdperson_righthand": {
      "translation": [
        0.078356385,
        0.07682428,
        0.05513829
      ],
      "rotation": [
        0.46984625,
        0.46984628,
        0.32898995,
        0.67100996
      ],
      "scale": [
        0.50000006,
        0.49999997,
        0.5
      ],
      "post-rotation": [
        0.0,
        0.0,
        0.0,
        0.99830717
      ]
    },
    "thirdperson_lefthand": {
      "translation": [
        0.078356385,
        0.07682428,
        0.05513829
      ],
      "rotation": [
        0.46984625,
        0.46984628,
        0.32898995,
        0.67100996
      ],
      "scale": [
        0.50000006,
        0.49999997,
        0.5
      ],
      "post-rotation": [
        0.0,
        0.0,
        0.0,
        0.99830717
      ]
    },
    "firstperson_righthand": {
      "translation": [
        0.0,
        0.25,
        0.125
      ],
      "rotation": [
        0.0,
        0.0,
        0.0,
        1.0
      ],
      "scale": [
        0.5,
        0.5,
        0.5
      ],
      "post-rotation": [
        0.0,
        0.0,
        0.0,
        0.99830717
      ]
    },
    "firstperson_lefthand": {
      "translation": [
        0.0,
        0.25,
        0.125
      ],
      "rotation": [
        0.0,
        0.0,
        0.0,
        1.0
      ],
      "scale": [
        0.5,
        0.5,
        0.5
      ],
      "post-rotation": [
        0.0,
        0.0,
        0.0,
        0.99830717
      ]
    },
    "head": {
      "translation": [
        0.0,
        0.0,
        0.0
      ],
      "rotation": [
        0.0,
        0.0,
        0.0,
        1.0
      ],
      "scale": [
        0.5,
        0.5,
        0.5
      ],
      "post-rotation": [
        0.0,
        0.0,
        0.0,
        1.0
      ]
    },
    "gui": {
      "translation": [
        -0.5,
        0.80484915,
        -1.0435586
      ],
      "rotation": [
        0.09904575,
        0.89239913,
        0.23911761,
        0.36964384
      ],
      "scale": [
        0.75,
        0.74999994,
        0.74999994
      ],
      "post-rotation": [
        0.0,
        0.0,
        0.0,
        0.99830717
      ]
    },
    "ground": {
      "translation": [
        0.0,
        0.0,
        0.0
      ],
      "rotation": [
        0.0,
        0.0,
        0.0,
        1.0
      ],
      "scale": [
        0.5,
        0.5,
        0.5
      ],
      "post-rotation": [
        0.0,
        0.0,
        0.0,
        1.0
      ]
    },
    "fixed": {
      "translation": [
        -1.4999999,
        0.5,
        0.5
      ],
      "rotation": [
        0.0,
        -0.7071067,
        0.0,
        0.70710677
      ],
      "scale": [
        0.99999994,
        1.0,
        0.99999994
      ],
      "post-rotation": [
        0.0,
        0.0,
        0.0,
        0.99830717
      ]
    }
  }
}