{
  "display": {
    "firstperson_lefthand": {
      "right_rotation": [
        -0.0,
        0.0,
        -0.0
      ],
      "scale": [
        0.28125,
        0.28125,
        0.28125
      ],
      "translation": [
        5.75,
        9.75,
        5.75
      ]
    },
    "firstperson_righthand": {
      "right_rotation": [
        -0.0,
        0.0,
        -0.0
      ],
      "scale": [
        0.28125,
        0.28125,
        0.28125
      ],
      "translation": [
        5.75,
        9.75,
        5.75
      ]
    },
    "fixed": {
      "right_rotation": [
        -0.0,
        0.0,
        -0.0
      ],
      "rotation": [
        180.0,
        0.0,
        180.0
      ],
      "scale": [
        0.5625,
        0.5625,
        0.5625
      ],
      "translation": [
        12.5,
        6.5,
        13.5
      ]
    },
    "ground": {
      "right_rotation": [
        -0.0,
        0.0,
        -0.0
      ],
      "scale": [
        0.375,
        0.375,
        0.375
      ],
      "translation": [
        5.0,
        5.0,
        5.0
      ]
    },
    "gui": {
      "right_rotation": [
        -0.0,
        0.0,
        -0.0
      ],
      "rotation": [
        29.999996,
        45.000015,
        9.659347E-6
      ],
      "scale": [
        0.46875,
        0.46875006,
        0.46875006
      ],
      "translation": [
        2.6966996,
        9.752406,
        6.125001
      ]
    },
    "head": {
      "right_rotation": [
        -0.0,
        0.0,
        -0.0
      ],
      "scale": [
        0.375,
        0.375,
        0.375
      ],
      "translation": [
        5.0,
        5.0,
        5.0
      ]
    },
    "none": {
      "right_rotation": [
        -0.0,
        0.0,
        -0.0
      ],
      "scale": [
        0.375,
        0.375,
        0.375
      ],
      "translation": [
        5.0,
        5.0,
        5.0
      ]
    },
    "thirdperson_lefthand": {
      "right_rotation": [
        -0.0,
        0.0,
        -0.0
      ],
      "rotation": [
        69.99999,
        69.99999,
        4.9925357E-6
      ],
      "scale": [
        0.37499994,
        0.375,
        0.375
      ],
      "translation": [
        4.154862,
        6.789055,
        7.7941704
      ]
    },
    "thirdperson_righthand": {
      "right_rotation": [
        -0.0,
        0.0,
        -0.0
      ],
      "rotation": [
        69.99999,
        69.99999,
        4.9925357E-6
      ],
      "scale": [
        0.37499994,
        0.375,
        0.375
      ],
      "translation": [
        4.154862,
        6.789055,
        7.7941704
      ]
    }
  },
  "flip_v": true,
  "loader": "forge:obj",
  "model": "immersiveengineering:models/block/connector/e_meter.obj"
}