{
  "loader": "forge:obj",
  "model": "immersiveengineering:models/block/connector/e_meter.obj",
  "flip-v": true,
  "transform": {
    "thirdperson_righthand": {
      "translation": [
        0.0,
        0.09375,
        0.125
      ],
      "rotation": [
        0.4698464,
        0.4698464,
        0.32898995,
        0.67101
      ],
      "scale": [
        0.37500006,
        0.37500006,
        0.37500006
      ],
      "post-rotation": [
        0.0,
        0.0,
        0.0,
        1.0
      ]
    },
    "thirdperson_lefthand": {
      "translation": [
        0.0,
        0.09375,
        0.125
      ],
      "rotation": [
        0.4698464,
        0.4698464,
        0.32898995,
        0.67101
      ],
      "scale": [
        0.37500006,
        0.37500006,
        0.37500006
      ],
      "post-rotation": [
        0.0,
        0.0,
        0.0,
        1.0
      ]
    },
    "firstperson_righthand": {
      "translation": [
        0.0,
        0.25,
        0.0
      ],
      "rotation": [
        0.0,
        0.0,
        0.0,
        1.0
      ],
      "scale": [
        0.28124997,
        0.28124997,
        0.28124997
      ],
      "post-rotation": [
        0.0,
        0.0,
        0.0,
        1.0
      ]
    },
    "firstperson_lefthand": {
      "translation": [
        0.0,
        0.25,
        0.0
      ],
      "rotation": [
        0.0,
        0.0,
        0.0,
        1.0
      ],
      "scale": [
        0.28124997,
        0.28124997,
        0.28124997
      ],
      "post-rotation": [
        0.0,
        0.0,
        0.0,
        1.0
      ]
    },
    "head": {
      "translation": [
        0.0,
        0.0,
        0.0
      ],
      "rotation": [
        0.0,
        0.0,
        0.0,
        1.0
      ],
      "scale": [
        0.375,
        0.375,
        0.375
      ],
      "post-rotation": [
        0.0,
        0.0,
        0.0,
        1.0
      ]
    },
    "gui": {
      "translation": [
        0.0,
        0.3125,
        0.0
      ],
      "rotation": [
        0.23911756,
        0.3696438,
        0.09904577,
        0.8923991
      ],
      "scale": [
        0.46875003,
        0.46875,
        0.46874997
      ],
      "post-rotation": [
        0.0,
        0.0,
        0.0,
        1.0
      ]
    },
    "ground": {
      "translation": [
        0.0,
        0.0,
        0.0
      ],
      "rotation": [
        0.0,
        0.0,
        0.0,
        1.0
      ],
      "scale": [
        0.375,
        0.375,
        0.375
      ],
      "post-rotation": [
        0.0,
        0.0,
        0.0,
        1.0
      ]
    },
    "fixed": {
      "translation": [
        0.0,
        0.1875,
        0.0625
      ],
      "rotation": [
        0.0,
        1.0,
        0.0,
        6.123234E-17
      ],
      "scale": [
        0.56249994,
        0.56249994,
        0.56249994
      ],
      "post-rotation": [
        0.0,
        0.0,
        0.0,
        1.0
      ]
    }
  }
}