{
  "display": {
    "firstperson_lefthand": {
      "scale": [
        0.28124997,
        0.28124997,
        0.28124997
      ],
      "translation": [
        0.0,
        4.0,
        0.0
      ]
    },
    "firstperson_righthand": {
      "scale": [
        0.28124997,
        0.28124997,
        0.28124997
      ],
      "translation": [
        0.0,
        4.0,
        0.0
      ]
    },
    "fixed": {
      "rotation": [
        -180.0,
        -5.0089557E-6,
        -180.0
      ],
      "scale": [
        0.56249994,
        0.56249994,
        0.56249994
      ],
      "translation": [
        0.0,
        3.0,
        1.0
      ]
    },
    "ground": {
      "scale": [
        0.375,
        0.375,
        0.375
      ]
    },
    "gui": {
      "rotation": [
        29.999992,
        45.000004,
        3.6222548E-6
      ],
      "scale": [
        0.46875,
        0.46874997,
        0.46874997
      ],
      "translation": [
        0.0,
        5.0,
        0.0
      ]
    },
    "head": {
      "scale": [
        0.375,
        0.375,
        0.375
      ]
    },
    "none": {
      "scale": [
        0.375,
        0.375,
        0.375
      ]
    },
    "thirdperson_lefthand": {
      "rotation": [
        70.00004,
        70.00004,
        -9.985075E-6
      ],
      "scale": [
        0.3750001,
        0.37500006,
        0.37500006
      ],
      "translation": [
        0.0,
        1.5,
        2.0
      ]
    },
    "thirdperson_righthand": {
      "rotation": [
        70.00004,
        70.00004,
        -9.985075E-6
      ],
      "scale": [
        0.3750001,
        0.37500006,
        0.37500006
      ],
      "translation": [
        0.0,
        1.5,
        2.0
      ]
    }
  },
  "flip_v": true,
  "loader": "forge:obj",
  "model": "immersiveengineering:models/block/connector/e_meter.obj"
}