{
  "display": {
    "firstperson_lefthand": {
      "origin": "corner",
      "right_rotation": [
        0.0,
        0.0,
        0.0
      ],
      "rotation": [
        0.0,
        0.0,
        0.0
      ],
      "scale": [
        0.28124997,
        0.28124997,
        0.28124997
      ],
      "translation": [
        0.0,
        0.25,
        0.0
      ]
    },
    "firstperson_righthand": {
      "origin": "corner",
      "right_rotation": [
        0.0,
        0.0,
        0.0
      ],
      "rotation": [
        0.0,
        0.0,
        0.0
      ],
      "scale": [
        0.28124997,
        0.28124997,
        0.28124997
      ],
      "translation": [
        0.0,
        0.25,
        0.0
      ]
    },
    "fixed": {
      "origin": "corner",
      "right_rotation": [
        0.0,
        0.0,
        0.0
      ],
      "rotation": [
        3.1415927,
        -0.0,
        3.1415927
      ],
      "scale": [
        0.56249994,
        0.56249994,
        0.56249994
      ],
      "translation": [
        0.0,
        0.1875,
        0.0625
      ]
    },
    "ground": {
      "origin": "corner",
      "right_rotation": [
        0.0,
        0.0,
        0.0
      ],
      "rotation": [
        0.0,
        0.0,
        0.0
      ],
      "scale": [
        0.375,
        0.375,
        0.375
      ],
      "translation": [
        0.0,
        0.0,
        0.0
      ]
    },
    "gui": {
      "origin": "corner",
      "right_rotation": [
        0.0,
        0.0,
        0.0
      ],
      "rotation": [
        0.68471915,
        0.361367,
        0.46364775
      ],
      "scale": [
        0.46875,
        0.46874997,
        0.46874997
      ],
      "translation": [
        0.0,
        0.3125,
        0.0
      ]
    },
    "head": {
      "origin": "corner",
      "right_rotation": [
        0.0,
        0.0,
        0.0
      ],
      "rotation": [
        0.0,
        0.0,
        0.0
      ],
      "scale": [
        0.375,
        0.375,
        0.375
      ],
      "translation": [
        0.0,
        0.0,
        0.0
      ]
    },
    "none": {
      "origin": "corner",
      "right_rotation": [
        0.0,
        0.0,
        0.0
      ],
      "rotation": [
        0.0,
        0.0,
        0.0
      ],
      "scale": [
        0.375,
        0.375,
        0.375
      ],
      "translation": [
        0.0,
        0.0,
        0.0
      ]
    },
    "thirdperson_lefthand": {
      "origin": "corner",
      "right_rotation": [
        0.0,
        0.0,
        0.0
      ],
      "rotation": [
        1.4469484,
        0.3272009,
        1.2012608
      ],
      "scale": [
        0.3750001,
        0.37500006,
        0.37500006
      ],
      "translation": [
        0.0,
        0.09375,
        0.125
      ]
    },
    "thirdperson_righthand": {
      "origin": "corner",
      "right_rotation": [
        0.0,
        0.0,
        0.0
      ],
      "rotation": [
        1.4469484,
        0.3272009,
        1.2012608
      ],
      "scale": [
        0.3750001,
        0.37500006,
        0.37500006
      ],
      "translation": [
        0.0,
        0.09375,
        0.125
      ]
    }
  },
  "flip_v": true,
  "loader": "forge:obj",
  "model": "immersiveengineering:models/block/connector/e_meter.obj"
}