{
  "parent": "immersiveengineering:block/connector/e_meter.obj",
  "display-trsr": {
    "none": {
      "translation": [
        0.3125,
        0.3125,
        0.3125
      ],
      "rotation": [
        0.0,
        0.0,
        0.0,
        1.0
      ],
      "scale": [
        0.37499997,
        0.37499997,
        0.37499997
      ],
      "post-rotation": [
        0.0,
        0.0,
        0.0,
        1.0
      ]
    },
    "third_person_left_hand": {
      "translation": [
        0.25967887,
        0.4243159,
        0.48713565
      ],
      "rotation": [
        0.4698464,
        0.4698464,
        0.32898995,
        0.67101
      ],
      "scale": [
        0.37500006,
        0.37500006,
        0.37500006
      ],
      "post-rotation": [
        0.0,
        0.0,
        0.0,
        1.0
      ]
    },
    "third_person_right_hand": {
      "translation": [
        0.25967887,
        0.4243159,
        0.48713565
      ],
      "rotation": [
        0.4698464,
        0.4698464,
        0.32898995,
        0.67101
      ],
      "scale": [
        0.37500006,
        0.37500006,
        0.37500006
      ],
      "post-rotation": [
        0.0,
        0.0,
        0.0,
        1.0
      ]
    },
    "first_person_left_hand": {
      "translation": [
        0.359375,
        0.609375,
        0.359375
      ],
      "rotation": [
        0.0,
        0.0,
        0.0,
        1.0
      ],
      "scale": [
        0.28124997,
        0.28124997,
        0.28124997
      ],
      "post-rotation": [
        0.0,
        0.0,
        0.0,
        1.0
      ]
    },
    "first_person_right_hand": {
      "translation": [
        0.359375,
        0.609375,
        0.359375
      ],
      "rotation": [
        0.0,
        0.0,
        0.0,
        1.0
      ],
      "scale": [
        0.28124997,
        0.28124997,
        0.28124997
      ],
      "post-rotation": [
        0.0,
        0.0,
        0.0,
        1.0
      ]
    },
    "head": {
      "translation": [
        0.3125,
        0.3125,
        0.3125
      ],
      "rotation": [
        0.0,
        0.0,
        0.0,
        1.0
      ],
      "scale": [
        0.37499997,
        0.37499997,
        0.37499997
      ],
      "post-rotation": [
        0.0,
        0.0,
        0.0,
        1.0
      ]
    },
    "gui": {
      "translation": [
        0.16854373,
        0.60952526,
        0.3828125
      ],
      "rotation": [
        0.23911756,
        0.3696438,
        0.09904577,
        0.8923991
      ],
      "scale": [
        0.46875003,
        0.46875,
        0.46874997
      ],
      "post-rotation": [
        0.0,
        0.0,
        0.0,
        1.0
      ]
    },
    "ground": {
      "translation": [
        0.3125,
        0.3125,
        0.3125
      ],
      "rotation": [
        0.0,
        0.0,
        0.0,
        1.0
      ],
      "scale": [
        0.37499997,
        0.37499997,
        0.37499997
      ],
      "post-rotation": [
        0.0,
        0.0,
        0.0,
        1.0
      ]
    },
    "fixed": {
      "translation": [
        0.78125,
        0.40625,
        0.84375
      ],
      "rotation": [
        0.0,
        1.0,
        0.0,
        6.123234E-17
      ],
      "scale": [
        0.56249994,
        0.56249994,
        0.56249994
      ],
      "post-rotation": [
        0.0,
        0.0,
        0.0,
        1.0
      ]
    }
  }
}