{
  "display": {
    "firstperson_lefthand": {
      "right_rotation": [
        -0.0,
        0.0,
        -0.0
      ],
      "rotation": [
        19.999992,
        -44.999992,
        -9.659345E-6
      ],
      "scale": [
        0.18749999,
        0.18750001,
        0.18749999
      ]
    },
    "firstperson_righthand": {
      "right_rotation": [
        -0.0,
        0.0,
        -0.0
      ],
      "rotation": [
        19.999992,
        -44.999992,
        -9.659345E-6
      ],
      "scale": [
        0.18749999,
        0.18750001,
        0.18749999
      ]
    },
    "fixed": {
      "right_rotation": [
        -0.0,
        0.0,
        -0.0
      ],
      "rotation": [
        19.999992,
        -44.999992,
        -9.659345E-6
      ],
      "scale": [
        0.18749999,
        0.18750001,
        0.18749999
      ]
    },
    "ground": {
      "right_rotation": [
        -0.0,
        0.0,
        -0.0
      ],
      "rotation": [
        19.999992,
        -44.999992,
        -9.659345E-6
      ],
      "scale": [
        0.18749999,
        0.18750001,
        0.18749999
      ]
    },
    "gui": {
      "right_rotation": [
        -0.0,
        0.0,
        -0.0
      ],
      "rotation": [
        19.999992,
        -44.999992,
        -9.659345E-6
      ],
      "scale": [
        0.18749999,
        0.18750001,
        0.18749999
      ]
    },
    "head": {
      "right_rotation": [
        -0.0,
        0.0,
        -0.0
      ],
      "rotation": [
        19.999992,
        -44.999992,
        -9.659345E-6
      ],
      "scale": [
        0.18749999,
        0.18750001,
        0.18749999
      ]
    },
    "none": {
      "right_rotation": [
        -0.0,
        0.0,
        -0.0
      ],
      "rotation": [
        19.999992,
        -44.999992,
        -9.659345E-6
      ],
      "scale": [
        0.18749999,
        0.18750001,
        0.18749999
      ]
    },
    "thirdperson_lefthand": {
      "right_rotation": [
        -0.0,
        0.0,
        -0.0
      ],
      "rotation": [
        19.999992,
        -44.999992,
        -9.659345E-6
      ],
      "scale": [
        0.18749999,
        0.18750001,
        0.18749999
      ]
    },
    "thirdperson_righthand": {
      "right_rotation": [
        -0.0,
        0.0,
        -0.0
      ],
      "rotation": [
        19.999992,
        -44.999992,
        -9.659345E-6
      ],
      "scale": [
        0.18749999,
        0.18750001,
        0.18749999
      ]
    }
  },
  "flip_v": true,
  "loader": "forge:obj",
  "model": "immersiveengineering:models/block/metal_multiblock/diesel_generator.obj"
}