{
  "callbacks": "immersiveengineering:drill",
  "display": {
    "firstperson_lefthand": {
      "rotation": [
        0.0,
        -90.0,
        0.0
      ],
      "scale": [
        0.37499994,
        0.4374999,
        -0.37499994
      ],
      "translation": [
        -1.5000005,
        6.999999,
        2.9999995
      ]
    },
    "firstperson_righthand": {
      "rotation": [
        0.0,
        90.0,
        0.0
      ],
      "scale": [
        0.37499994,
        0.4374999,
        0.37499994
      ],
      "translation": [
        -1.5000005,
        6.999999,
        3.0000005
      ]
    },
    "fixed": {
      "rotation": [
        0.0,
        0.0,
        -45.000004
      ],
      "scale": [
        0.43749982,
        0.43749982,
        0.43749982
      ],
      "translation": [
        2.9999988,
        0.99999976,
        2.499999
      ]
    },
    "ground": {
      "scale": [
        0.5,
        0.5,
        0.5
      ],
      "translation": [
        2.0,
        4.0,
        4.0
      ]
    },
    "gui": {
      "rotation": [
        -179.99998,
        -56.249996,
        157.49998
      ],
      "scale": [
        0.75000006,
        0.75,
        0.75000006
      ],
      "translation": [
        -8.000001,
        3.9999993,
        -4.7683716E-7
      ]
    },
    "thirdperson_lefthand": {
      "rotation": [
        81.99369,
        -74.14153,
        8.006231
      ],
      "scale": [
        0.75,
        0.75,
        -0.75
      ],
      "translation": [
        1.0000006,
        15.000001,
        4.0
      ]
    },
    "thirdperson_righthand": {
      "rotation": [
        -98.00627,
        74.14153,
        171.99376
      ],
      "scale": [
        0.75,
        0.75,
        0.75
      ],
      "translation": [
        0.9999999,
        14.999999,
        3.9999995
      ]
    }
  },
  "dynamic": true,
  "loader": "immersiveengineering:ie_obj",
  "model": "immersiveengineering:models/item/drill/drill_diesel.obj.ie"
}