{
  "loader": "immersiveengineering:ie_obj",
  "model": "immersiveengineering:models/item/drill/drill_diesel.obj.ie",
  "flip-v": true,
  "dynamic": true,
  "transform": {
    "thirdperson_righthand": {
      "translation": [
        0.062500015,
        0.9375,
        0.25
      ],
      "rotation": [
        0.35244295,
        0.62834233,
        0.4903926,
        0.49039263
      ],
      "scale": [
        0.75,
        0.75,
        0.75
      ],
      "post-rotation": [
        0.0,
        0.0,
        0.0,
        1.0
      ]
    },
    "thirdperson_lefthand": {
      "translation": [
        0.06250006,
        0.9375,
        0.24999997
      ],
      "rotation": [
        0.4903927,
        -0.49039263,
        -0.35244298,
        0.6283424
      ],
      "scale": [
        0.75,
        0.75000006,
        -0.75
      ],
      "post-rotation": [
        0.0,
        0.0,
        0.0,
        1.0
      ]
    },
    "firstperson_righthand": {
      "translation": [
        -0.09375,
        0.4375,
        0.18750003
      ],
      "rotation": [
        0.0,
        0.70710677,
        0.0,
        0.7071068
      ],
      "scale": [
        0.37499997,
        0.4375,
        0.37499997
      ],
      "post-rotation": [
        0.0,
        0.0,
        0.0,
        1.0
      ]
    },
    "firstperson_lefthand": {
      "translation": [
        -0.09375,
        0.4375,
        0.18749997
      ],
      "rotation": [
        0.0,
        -0.70710677,
        0.0,
        0.7071068
      ],
      "scale": [
        0.37499997,
        0.4375,
        -0.37499997
      ],
      "post-rotation": [
        0.0,
        0.0,
        0.0,
        1.0
      ]
    },
    "head": {
      "translation": [
        0.0,
        0.0,
        0.0
      ],
      "rotation": [
        0.0,
        0.0,
        0.0,
        1.0
      ],
      "scale": [
        1.0,
        1.0,
        1.0
      ],
      "post-rotation": [
        0.0,
        0.0,
        0.0,
        1.0
      ]
    },
    "gui": {
      "translation": [
        -0.49999988,
        0.24999996,
        0.0
      ],
      "rotation": [
        -0.17205434,
        0.8649754,
        0.09196492,
        -0.46233892
      ],
      "scale": [
        0.74999994,
        0.75000006,
        0.7499998
      ],
      "post-rotation": [
        0.0,
        0.0,
        0.0,
        1.0
      ]
    },
    "ground": {
      "translation": [
        0.125,
        0.25,
        0.25
      ],
      "rotation": [
        0.0,
        0.0,
        0.0,
        1.0
      ],
      "scale": [
        0.5,
        0.5,
        0.5
      ],
      "post-rotation": [
        0.0,
        0.0,
        0.0,
        1.0
      ]
    },
    "fixed": {
      "translation": [
        0.18749997,
        0.062499955,
        0.15624999
      ],
      "rotation": [
        0.0,
        0.0,
        -0.38268346,
        0.92387944
      ],
      "scale": [
        0.43749997,
        0.43749997,
        0.43749994
      ],
      "post-rotation": [
        0.0,
        0.0,
        0.0,
        1.0
      ]
    }
  }
}