{
  "callbacks": "immersiveengineering:drill",
  "display": {
    "firstperson_lefthand": {
      "right_rotation": [
        -0.0,
        0.0,
        -0.0
      ],
      "rotation": [
        0.0,
        -90.0,
        0.0
      ],
      "scale": [
        0.3749999,
        0.4374999,
        -0.3749999
      ],
      "translation": [
        3.4999995,
        11.499999,
        7.9999995
      ]
    },
    "firstperson_righthand": {
      "right_rotation": [
        -0.0,
        0.0,
        -0.0
      ],
      "rotation": [
        0.0,
        90.0,
        0.0
      ],
      "scale": [
        0.3749999,
        0.4374999,
        0.3749999
      ],
      "translation": [
        3.4999995,
        11.499999,
        14.0
      ]
    },
    "fixed": {
      "right_rotation": [
        -0.0,
        0.0,
        -0.0
      ],
      "rotation": [
        0.0,
        0.0,
        -44.999977
      ],
      "scale": [
        0.43749976,
        0.43749976,
        0.43749976
      ],
      "translation": [
        6.050252,
        8.999999,
        7.0
      ]
    },
    "ground": {
      "right_rotation": [
        -0.0,
        0.0,
        -0.0
      ],
      "scale": [
        0.5,
        0.5,
        0.5
      ],
      "translation": [
        6.0,
        8.0,
        8.0
      ]
    },
    "gui": {
      "right_rotation": [
        -0.0,
        0.0,
        -0.0
      ],
      "rotation": [
        180.0,
        -56.24998,
        157.49998
      ],
      "scale": [
        0.75,
        0.75,
        0.7499999
      ],
      "translation": [
        9.344143,
        8.752823,
        4.8152184
      ]
    },
    "thirdperson_lefthand": {
      "right_rotation": [
        -0.0,
        0.0,
        -0.0
      ],
      "rotation": [
        81.99372,
        -74.14155,
        8.006248
      ],
      "scale": [
        0.74999994,
        0.74999994,
        -0.7499997
      ],
      "translation": [
        1.8331348,
        25.2961,
        4.833135
      ]
    },
    "thirdperson_righthand": {
      "right_rotation": [
        -0.0,
        0.0,
        -0.0
      ],
      "rotation": [
        -98.00624,
        74.14155,
        171.99374
      ],
      "scale": [
        0.74999994,
        0.74999994,
        0.7499997
      ],
      "translation": [
        5.0803113,
        14.209544,
        8.08031
      ]
    }
  },
  "dynamic": true,
  "loader": "immersiveengineering:ie_obj",
  "model": "immersiveengineering:models/item/drill/drill_diesel.obj.ie"
}