{
  "callbacks": "immersiveengineering:drill",
  "display": {
    "firstperson_lefthand": {
      "origin": "corner",
      "right_rotation": [
        0.0,
        0.0,
        0.0
      ],
      "rotation": [
        0.0,
        0.0,
        0.0
      ],
      "scale": [
        0.37499988,
        0.43749997,
        -0.37499988
      ],
      "translation": [
        -0.09375,
        0.4375,
        0.18749994
      ]
    },
    "firstperson_righthand": {
      "origin": "corner",
      "right_rotation": [
        0.0,
        0.0,
        0.0
      ],
      "rotation": [
        0.0,
        0.0,
        0.0
      ],
      "scale": [
        0.37499988,
        0.43749997,
        0.37499988
      ],
      "translation": [
        -0.09375,
        0.4375,
        0.18750006
      ]
    },
    "fixed": {
      "origin": "corner",
      "right_rotation": [
        0.0,
        0.0,
        0.0
      ],
      "rotation": [
        0.0,
        0.0,
        -0.78539807
      ],
      "scale": [
        0.43749997,
        0.43749997,
        0.43749997
      ],
      "translation": [
        0.18749997,
        0.06250003,
        0.15624999
      ]
    },
    "ground": {
      "origin": "corner",
      "right_rotation": [
        0.0,
        0.0,
        0.0
      ],
      "rotation": [
        0.0,
        0.0,
        0.0
      ],
      "scale": [
        0.5,
        0.5,
        0.5
      ],
      "translation": [
        0.125,
        0.25,
        0.25
      ]
    },
    "gui": {
      "origin": "corner",
      "right_rotation": [
        0.0,
        0.0,
        0.0
      ],
      "rotation": [
        2.621469,
        -5.9604638E-8,
        -2.5009363
      ],
      "scale": [
        0.7500002,
        0.74999994,
        0.75000006
      ],
      "translation": [
        -0.5000001,
        0.24999991,
        -5.9604645E-8
      ]
    },
    "thirdperson_lefthand": {
      "origin": "corner",
      "right_rotation": [
        0.0,
        0.0,
        0.0
      ],
      "rotation": [
        1.5312507,
        0.2740142,
        -1.2858722
      ],
      "scale": [
        0.74999994,
        0.75000006,
        -0.75
      ],
      "translation": [
        0.06250006,
        0.93750006,
        0.24999997
      ]
    },
    "thirdperson_righthand": {
      "origin": "corner",
      "right_rotation": [
        0.0,
        0.0,
        0.0
      ],
      "rotation": [
        1.6103419,
        -0.2740142,
        1.8557204
      ],
      "scale": [
        0.75,
        0.75,
        0.75
      ],
      "translation": [
        0.062500015,
        0.9375,
        0.25
      ]
    }
  },
  "dynamic": true,
  "loader": "immersiveengineering:ie_obj",
  "model": "immersiveengineering:models/item/drill/drill_diesel.obj.ie"
}