{
  "loader": "forge:obj",
  "model": "immersiveengineering:models/block/metal_multiblock/excavator.obj",
  "flip-v": true,
  "transform": {
    "thirdperson_righthand": {
      "translation": [
        0.375,
        0.0,
        0.0
      ],
      "rotation": [
        0.066452265,
        0.90984374,
        0.16043,
        0.37686965
      ],
      "scale": [
        0.18749997,
        0.18749999,
        0.18749997
      ],
      "post-rotation": [
        0.0,
        0.0,
        0.0,
        0.99830717
      ],
      "origin": "corner"
    },
    "thirdperson_lefthand": {
      "translation": [
        0.375,
        0.0,
        0.0
      ],
      "rotation": [
        0.066452265,
        0.90984374,
        0.16043,
        0.37686965
      ],
      "scale": [
        0.18749997,
        0.18749999,
        0.18749997
      ],
      "post-rotation": [
        0.0,
        0.0,
        0.0,
        0.99830717
      ],
      "origin": "corner"
    },
    "firstperson_righthand": {
      "translation": [
        0.375,
        0.0,
        0.0
      ],
      "rotation": [
        0.066452265,
        0.90984374,
        0.16043,
        0.37686965
      ],
      "scale": [
        0.18749997,
        0.18749999,
        0.18749997
      ],
      "post-rotation": [
        0.0,
        0.0,
        0.0,
        0.99830717
      ],
      "origin": "corner"
    },
    "firstperson_lefthand": {
      "translation": [
        0.375,
        0.0,
        0.0
      ],
      "rotation": [
        0.066452265,
        0.90984374,
        0.16043,
        0.37686965
      ],
      "scale": [
        0.18749997,
        0.18749999,
        0.18749997
      ],
      "post-rotation": [
        0.0,
        0.0,
        0.0,
        0.99830717
      ],
      "origin": "corner"
    },
    "head": {
      "translation": [
        0.375,
        0.0,
        0.0
      ],
      "rotation": [
        0.066452265,
        0.90984374,
        0.16043,
        0.37686965
      ],
      "scale": [
        0.18749997,
        0.18749999,
        0.18749997
      ],
      "post-rotation": [
        0.0,
        0.0,
        0.0,
        0.99830717
      ],
      "origin": "corner"
    },
    "gui": {
      "translation": [
        0.375,
        0.0,
        0.0
      ],
      "rotation": [
        0.066452265,
        0.90984374,
        0.16043,
        0.37686965
      ],
      "scale": [
        0.18749997,
        0.18749999,
        0.18749997
      ],
      "post-rotation": [
        0.0,
        0.0,
        0.0,
        0.99830717
      ],
      "origin": "corner"
    },
    "ground": {
      "translation": [
        0.375,
        0.0,
        0.0
      ],
      "rotation": [
        0.066452265,
        0.90984374,
        0.16043,
        0.37686965
      ],
      "scale": [
        0.18749997,
        0.18749999,
        0.18749997
      ],
      "post-rotation": [
        0.0,
        0.0,
        0.0,
        0.99830717
      ],
      "origin": "corner"
    },
    "fixed": {
      "translation": [
        0.375,
        0.0,
        0.0
      ],
      "rotation": [
        0.066452265,
        0.90984374,
        0.16043,
        0.37686965
      ],
      "scale": [
        0.18749997,
        0.18749999,
        0.18749997
      ],
      "post-rotation": [
        0.0,
        0.0,
        0.0,
        0.99830717
      ],
      "origin": "corner"
    }
  }
}