{
  "display": {
    "firstperson_lefthand": {
      "origin": "corner",
      "right_rotation": [
        0.0,
        0.0,
        0.0
      ],
      "rotation": [
        2.6662292,
        -0.24426661,
        2.8120444
      ],
      "scale": [
        0.1875,
        0.1875,
        0.1875
      ],
      "translation": [
        0.375,
        0.0,
        0.0
      ]
    },
    "firstperson_righthand": {
      "origin": "corner",
      "right_rotation": [
        0.0,
        0.0,
        0.0
      ],
      "rotation": [
        2.6662292,
        -0.24426661,
        2.8120444
      ],
      "scale": [
        0.1875,
        0.1875,
        0.1875
      ],
      "translation": [
        0.375,
        0.0,
        0.0
      ]
    },
    "fixed": {
      "origin": "corner",
      "right_rotation": [
        0.0,
        0.0,
        0.0
      ],
      "rotation": [
        2.6662292,
        -0.24426661,
        2.8120444
      ],
      "scale": [
        0.1875,
        0.1875,
        0.1875
      ],
      "translation": [
        0.375,
        0.0,
        0.0
      ]
    },
    "ground": {
      "origin": "corner",
      "right_rotation": [
        0.0,
        0.0,
        0.0
      ],
      "rotation": [
        2.6662292,
        -0.24426661,
        2.8120444
      ],
      "scale": [
        0.1875,
        0.1875,
        0.1875
      ],
      "translation": [
        0.375,
        0.0,
        0.0
      ]
    },
    "gui": {
      "origin": "corner",
      "right_rotation": [
        0.0,
        0.0,
        0.0
      ],
      "rotation": [
        2.6662292,
        -0.24426661,
        2.8120444
      ],
      "scale": [
        0.1875,
        0.1875,
        0.1875
      ],
      "translation": [
        0.375,
        0.0,
        0.0
      ]
    },
    "head": {
      "origin": "corner",
      "right_rotation": [
        0.0,
        0.0,
        0.0
      ],
      "rotation": [
        2.6662292,
        -0.24426661,
        2.8120444
      ],
      "scale": [
        0.1875,
        0.1875,
        0.1875
      ],
      "translation": [
        0.375,
        0.0,
        0.0
      ]
    },
    "none": {
      "origin": "corner",
      "right_rotation": [
        0.0,
        0.0,
        0.0
      ],
      "rotation": [
        2.6662292,
        -0.24426661,
        2.8120444
      ],
      "scale": [
        0.1875,
        0.1875,
        0.1875
      ],
      "translation": [
        0.375,
        0.0,
        0.0
      ]
    },
    "thirdperson_lefthand": {
      "origin": "corner",
      "right_rotation": [
        0.0,
        0.0,
        0.0
      ],
      "rotation": [
        2.6662292,
        -0.24426661,
        2.8120444
      ],
      "scale": [
        0.1875,
        0.1875,
        0.1875
      ],
      "translation": [
        0.375,
        0.0,
        0.0
      ]
    },
    "thirdperson_righthand": {
      "origin": "corner",
      "right_rotation": [
        0.0,
        0.0,
        0.0
      ],
      "rotation": [
        2.6662292,
        -0.24426661,
        2.8120444
      ],
      "scale": [
        0.1875,
        0.1875,
        0.1875
      ],
      "translation": [
        0.375,
        0.0,
        0.0
      ]
    }
  },
  "flip_v": true,
  "loader": "forge:obj",
  "model": "immersiveengineering:models/block/metal_multiblock/excavator.obj"
}