{
  "parent": "immersiveengineering:block/metal_multiblock/excavator.obj",
  "display-trsr": {
    "none": {
      "translation": [
        0.875,
        0.36655793,
        0.5925224
      ],
      "rotation": [
        0.066452295,
        0.90984374,
        0.16042998,
        0.37686962
      ],
      "scale": [
        0.18749997,
        0.18749999,
        0.18749994
      ],
      "post-rotation": [
        0.0,
        0.0,
        0.0,
        1.0
      ]
    },
    "third_person_left_hand": {
      "translation": [
        0.875,
        0.36655793,
        0.5925224
      ],
      "rotation": [
        0.066452295,
        0.90984374,
        0.16042998,
        0.37686962
      ],
      "scale": [
        0.18749997,
        0.18749999,
        0.18749994
      ],
      "post-rotation": [
        0.0,
        0.0,
        0.0,
        1.0
      ]
    },
    "third_person_right_hand": {
      "translation": [
        0.875,
        0.36655793,
        0.5925224
      ],
      "rotation": [
        0.066452295,
        0.90984374,
        0.16042998,
        0.37686962
      ],
      "scale": [
        0.18749997,
        0.18749999,
        0.18749994
      ],
      "post-rotation": [
        0.0,
        0.0,
        0.0,
        1.0
      ]
    },
    "first_person_left_hand": {
      "translation": [
        0.875,
        0.36655793,
        0.5925224
      ],
      "rotation": [
        0.066452295,
        0.90984374,
        0.16042998,
        0.37686962
      ],
      "scale": [
        0.18749997,
        0.18749999,
        0.18749994
      ],
      "post-rotation": [
        0.0,
        0.0,
        0.0,
        1.0
      ]
    },
    "first_person_right_hand": {
      "translation": [
        0.875,
        0.36655793,
        0.5925224
      ],
      "rotation": [
        0.066452295,
        0.90984374,
        0.16042998,
        0.37686962
      ],
      "scale": [
        0.18749997,
        0.18749999,
        0.18749994
      ],
      "post-rotation": [
        0.0,
        0.0,
        0.0,
        1.0
      ]
    },
    "head": {
      "translation": [
        0.875,
        0.36655793,
        0.5925224
      ],
      "rotation": [
        0.066452295,
        0.90984374,
        0.16042998,
        0.37686962
      ],
      "scale": [
        0.18749997,
        0.18749999,
        0.18749994
      ],
      "post-rotation": [
        0.0,
        0.0,
        0.0,
        1.0
      ]
    },
    "gui": {
      "translation": [
        0.875,
        0.36655793,
        0.5925224
      ],
      "rotation": [
        0.066452295,
        0.90984374,
        0.16042998,
        0.37686962
      ],
      "scale": [
        0.18749997,
        0.18749999,
        0.18749994
      ],
      "post-rotation": [
        0.0,
        0.0,
        0.0,
        1.0
      ]
    },
    "ground": {
      "translation": [
        0.875,
        0.36655793,
        0.5925224
      ],
      "rotation": [
        0.066452295,
        0.90984374,
        0.16042998,
        0.37686962
      ],
      "scale": [
        0.18749997,
        0.18749999,
        0.18749994
      ],
      "post-rotation": [
        0.0,
        0.0,
        0.0,
        1.0
      ]
    },
    "fixed": {
      "translation": [
        0.875,
        0.36655793,
        0.5925224
      ],
      "rotation": [
        0.066452295,
        0.90984374,
        0.16042998,
        0.37686962
      ],
      "scale": [
        0.18749997,
        0.18749999,
        0.18749994
      ],
      "post-rotation": [
        0.0,
        0.0,
        0.0,
        1.0
      ]
    }
  }
}