{
  "display": {
    "firstperson_lefthand": {
      "right_rotation": [
        -0.0,
        0.0,
        -0.0
      ],
      "rotation": [
        180.0,
        0.0,
        180.0
      ],
      "scale": [
        0.375,
        0.375,
        0.375
      ],
      "translation": [
        -3.0,
        6.0,
        -3.0
      ]
    },
    "firstperson_righthand": {
      "right_rotation": [
        -0.0,
        0.0,
        -0.0
      ],
      "rotation": [
        180.0,
        0.0,
        180.0
      ],
      "scale": [
        0.375,
        0.375,
        0.375
      ],
      "translation": [
        -3.0,
        6.0,
        -3.0
      ]
    },
    "fixed": {
      "right_rotation": [
        -0.0,
        0.0,
        -0.0
      ],
      "rotation": [
        0.0,
        90.0,
        0.0
      ],
      "scale": [
        0.7499999,
        0.74999994,
        0.7499999
      ],
      "translation": [
        5.9999995,
        7.999999,
        -5.9999995
      ]
    },
    "ground": {
      "right_rotation": [
        -0.0,
        0.0,
        -0.0
      ],
      "scale": [
        0.375,
        0.375,
        0.375
      ],
      "translation": [
        3.0,
        6.0,
        3.0
      ]
    },
    "gui": {
      "right_rotation": [
        -0.0,
        0.0,
        -0.0
      ],
      "rotation": [
        -149.99998,
        40.000015,
        179.99998
      ],
      "scale": [
        0.7031251,
        0.7031251,
        0.70312524
      ],
      "translation": [
        -0.69331884,
        10.705126,
        4.762026
      ]
    },
    "head": {
      "right_rotation": [
        -0.0,
        0.0,
        -0.0
      ],
      "scale": [
        0.375,
        0.375,
        0.375
      ],
      "translation": [
        3.0,
        6.0,
        3.0
      ]
    },
    "none": {
      "right_rotation": [
        -0.0,
        0.0,
        -0.0
      ],
      "scale": [
        0.375,
        0.375,
        0.375
      ],
      "translation": [
        3.0,
        6.0,
        3.0
      ]
    },
    "thirdperson_lefthand": {
      "right_rotation": [
        -0.0,
        0.0,
        -0.0
      ],
      "rotation": [
        69.99999,
        69.99999,
        4.9925357E-6
      ],
      "scale": [
        0.37499994,
        0.375,
        0.375
      ],
      "translation": [
        3.845138,
        5.2370057,
        2.274908
      ]
    },
    "thirdperson_righthand": {
      "right_rotation": [
        -0.0,
        0.0,
        -0.0
      ],
      "rotation": [
        69.99999,
        69.99999,
        4.9925357E-6
      ],
      "scale": [
        0.37499994,
        0.375,
        0.375
      ],
      "translation": [
        3.845138,
        5.2370057,
        2.274908
      ]
    }
  },
  "flip_v": true,
  "loader": "forge:obj",
  "model": "immersiveengineering:models/block/metal_device/floodlight.obj.ie",
  "textures": {
    "texture": "immersiveengineering:block/metal_device/floodlight"
  }
}