{
  "loader": "forge:obj",
  "model": "immersiveengineering:models/block/metal_device/floodlight.obj.ie",
  "flip-v": true,
  "transform": {
    "thirdperson_righthand": {
      "translation": [
        0.3811775,
        0.27913713,
        0.009820014
      ],
      "rotation": [
        0.46984637,
        0.4698464,
        0.32898998,
        0.6710101
      ],
      "scale": [
        0.3750001,
        0.37500006,
        0.37500006
      ],
      "post-rotation": [
        0.0,
        0.0,
        0.0,
        0.99830717
      ]
    },
    "thirdperson_lefthand": {
      "translation": [
        0.3811775,
        0.27913713,
        0.009820014
      ],
      "rotation": [
        0.46984637,
        0.4698464,
        0.32898998,
        0.6710101
      ],
      "scale": [
        0.3750001,
        0.37500006,
        0.37500006
      ],
      "post-rotation": [
        0.0,
        0.0,
        0.0,
        0.99830717
      ]
    },
    "firstperson_righthand": {
      "translation": [
        -1.1875,
        0.375,
        -1.1875
      ],
      "rotation": [
        0.0,
        1.0,
        0.0,
        -4.371139E-8
      ],
      "scale": [
        0.37499997,
        0.37499997,
        0.37499997
      ],
      "post-rotation": [
        0.0,
        0.0,
        0.0,
        0.99830717
      ]
    },
    "firstperson_lefthand": {
      "translation": [
        -1.1875,
        0.375,
        -1.1875
      ],
      "rotation": [
        0.0,
        1.0,
        0.0,
        -4.371139E-8
      ],
      "scale": [
        0.37499997,
        0.37499997,
        0.37499997
      ],
      "post-rotation": [
        0.0,
        0.0,
        0.0,
        0.99830717
      ]
    },
    "head": {
      "translation": [
        0.1875,
        0.375,
        0.1875
      ],
      "rotation": [
        0.0,
        0.0,
        0.0,
        1.0
      ],
      "scale": [
        0.375,
        0.375,
        0.375
      ],
      "post-rotation": [
        0.0,
        0.0,
        0.0,
        1.0
      ]
    },
    "gui": {
      "translation": [
        -0.6588856,
        1.6413593,
        -0.87745225
      ],
      "rotation": [
        0.08852132,
        0.9076733,
        0.2432104,
        0.3303661
      ],
      "scale": [
        0.70312494,
        0.703125,
        0.7031249
      ],
      "post-rotation": [
        0.0,
        0.0,
        0.0,
        0.99830717
      ]
    },
    "ground": {
      "translation": [
        0.1875,
        0.375,
        0.1875
      ],
      "rotation": [
        0.0,
        0.0,
        0.0,
        1.0
      ],
      "scale": [
        0.375,
        0.375,
        0.375
      ],
      "post-rotation": [
        0.0,
        0.0,
        0.0,
        1.0
      ]
    },
    "fixed": {
      "translation": [
        0.875,
        1.0,
        -1.8749998
      ],
      "rotation": [
        0.0,
        0.7071067,
        0.0,
        0.70710677
      ],
      "scale": [
        0.75000006,
        0.7500001,
        0.75000006
      ],
      "post-rotation": [
        0.0,
        0.0,
        0.0,
        0.99830717
      ]
    }
  }
}