{
  "display": {
    "firstperson_lefthand": {
      "origin": "corner",
      "right_rotation": [
        0.0,
        0.0,
        0.0
      ],
      "rotation": [
        3.1415927,
        -0.0,
        3.1415927
      ],
      "scale": [
        0.37499997,
        0.37499997,
        0.37499997
      ],
      "translation": [
        -0.18750001,
        0.375,
        -0.18749999
      ]
    },
    "firstperson_righthand": {
      "origin": "corner",
      "right_rotation": [
        0.0,
        0.0,
        0.0
      ],
      "rotation": [
        3.1415927,
        -0.0,
        3.1415927
      ],
      "scale": [
        0.37499997,
        0.37499997,
        0.37499997
      ],
      "translation": [
        -0.18750001,
        0.375,
        -0.18749999
      ]
    },
    "fixed": {
      "origin": "corner",
      "right_rotation": [
        0.0,
        0.0,
        0.0
      ],
      "rotation": [
        0.0,
        0.0,
        0.0
      ],
      "scale": [
        0.75000006,
        0.7500001,
        0.75000006
      ],
      "translation": [
        0.375,
        0.5,
        -0.37499994
      ]
    },
    "ground": {
      "origin": "corner",
      "right_rotation": [
        0.0,
        0.0,
        0.0
      ],
      "rotation": [
        0.0,
        0.0,
        0.0
      ],
      "scale": [
        0.375,
        0.375,
        0.375
      ],
      "translation": [
        0.1875,
        0.375,
        0.1875
      ]
    },
    "gui": {
      "origin": "corner",
      "right_rotation": [
        0.0,
        0.0,
        0.0
      ],
      "rotation": [
        2.495742,
        -0.39306596,
        2.7443473
      ],
      "scale": [
        0.70312494,
        0.703125,
        0.7031249
      ],
      "translation": [
        -0.043332428,
        0.6690704,
        0.29762664
      ]
    },
    "head": {
      "origin": "corner",
      "right_rotation": [
        0.0,
        0.0,
        0.0
      ],
      "rotation": [
        0.0,
        0.0,
        0.0
      ],
      "scale": [
        0.375,
        0.375,
        0.375
      ],
      "translation": [
        0.1875,
        0.375,
        0.1875
      ]
    },
    "none": {
      "origin": "corner",
      "right_rotation": [
        0.0,
        0.0,
        0.0
      ],
      "rotation": [
        0.0,
        0.0,
        0.0
      ],
      "scale": [
        0.375,
        0.375,
        0.375
      ],
      "translation": [
        0.1875,
        0.375,
        0.1875
      ]
    },
    "thirdperson_lefthand": {
      "origin": "corner",
      "right_rotation": [
        0.0,
        0.0,
        0.0
      ],
      "rotation": [
        1.4469484,
        0.3272009,
        1.2012608
      ],
      "scale": [
        0.3750001,
        0.37500006,
        0.37500006
      ],
      "translation": [
        0.24032113,
        0.32731286,
        0.14218172
      ]
    },
    "thirdperson_righthand": {
      "origin": "corner",
      "right_rotation": [
        0.0,
        0.0,
        0.0
      ],
      "rotation": [
        1.4469484,
        0.3272009,
        1.2012608
      ],
      "scale": [
        0.3750001,
        0.37500006,
        0.37500006
      ],
      "translation": [
        0.24032113,
        0.32731286,
        0.14218172
      ]
    }
  },
  "flip_v": true,
  "loader": "forge:obj",
  "model": "immersiveengineering:models/block/metal_device/floodlight.obj.ie",
  "textures": {
    "texture": "immersiveengineering:block/metal_device/floodlight"
  }
}