{
  "loader": "forge:obj",
  "model": "immersiveengineering:models/block/metal_device/fluid_pump_inv.obj",
  "flip-v": true,
  "transform": {
    "thirdperson_righthand": {
      "translation": [
        0.14085639,
        0.045574278,
        -0.3042367
      ],
      "rotation": [
        0.46984637,
        0.46984637,
        0.32898995,
        0.6710101
      ],
      "scale": [
        0.28124997,
        0.28125,
        0.28125003
      ],
      "post-rotation": [
        0.0,
        0.0,
        0.0,
        0.99830717
      ]
    },
    "thirdperson_lefthand": {
      "translation": [
        0.14085639,
        0.045574278,
        -0.3042367
      ],
      "rotation": [
        0.46984637,
        0.46984637,
        0.32898995,
        0.6710101
      ],
      "scale": [
        0.28124997,
        0.28125,
        0.28125003
      ],
      "post-rotation": [
        0.0,
        0.0,
        0.0,
        0.99830717
      ]
    },
    "firstperson_righthand": {
      "translation": [
        -0.875,
        -0.125,
        -0.875
      ],
      "rotation": [
        0.0,
        0.99999994,
        0.0,
        -4.3711385E-8
      ],
      "scale": [
        0.2109375,
        0.2109375,
        0.2109375
      ],
      "post-rotation": [
        0.0,
        0.0,
        0.0,
        0.99830717
      ]
    },
    "firstperson_lefthand": {
      "translation": [
        -0.875,
        -0.125,
        -0.875
      ],
      "rotation": [
        0.0,
        0.99999994,
        0.0,
        -4.3711385E-8
      ],
      "scale": [
        0.2109375,
        0.2109375,
        0.2109375
      ],
      "post-rotation": [
        0.0,
        0.0,
        0.0,
        0.99830717
      ]
    },
    "head": {
      "translation": [
        0.0,
        0.0,
        0.0
      ],
      "rotation": [
        0.0,
        0.0,
        0.0,
        1.0
      ],
      "scale": [
        0.28125,
        0.28125,
        0.28125
      ],
      "post-rotation": [
        0.0,
        0.0,
        0.0,
        1.0
      ]
    },
    "gui": {
      "translation": [
        -0.5,
        0.52359915,
        -1.0435586
      ],
      "rotation": [
        0.099045776,
        0.8923991,
        0.23911761,
        0.36964375
      ],
      "scale": [
        0.42187494,
        0.4218749,
        0.4218749
      ],
      "post-rotation": [
        0.0,
        0.0,
        0.0,
        0.99830717
      ]
    },
    "ground": {
      "translation": [
        0.0,
        0.0,
        0.0
      ],
      "rotation": [
        0.0,
        0.0,
        0.0,
        1.0
      ],
      "scale": [
        0.28125,
        0.28125,
        0.28125
      ],
      "post-rotation": [
        0.0,
        0.0,
        0.0,
        1.0
      ]
    },
    "fixed": {
      "translation": [
        0.5,
        0.25,
        0.5
      ],
      "rotation": [
        0.0,
        0.0,
        0.0,
        1.0
      ],
      "scale": [
        0.56249994,
        0.56249994,
        0.56249994
      ],
      "post-rotation": [
        0.0,
        0.0,
        0.0,
        0.99830717
      ]
    }
  }
}