{
  "display": {
    "firstperson_lefthand": {
      "right_rotation": [
        -0.0,
        0.0,
        -0.0
      ],
      "rotation": [
        180.0,
        0.0,
        180.0
      ],
      "scale": [
        0.2109375,
        0.2109375,
        0.2109375
      ],
      "translation": [
        9.6875,
        6.3125,
        9.6875
      ]
    },
    "firstperson_righthand": {
      "right_rotation": [
        -0.0,
        0.0,
        -0.0
      ],
      "rotation": [
        180.0,
        0.0,
        180.0
      ],
      "scale": [
        0.2109375,
        0.2109375,
        0.2109375
      ],
      "translation": [
        9.6875,
        6.3125,
        9.6875
      ]
    },
    "fixed": {
      "right_rotation": [
        -0.0,
        0.0,
        -0.0
      ],
      "scale": [
        0.5625,
        0.5625,
        0.5625
      ],
      "translation": [
        3.5,
        -0.5,
        3.5
      ]
    },
    "ground": {
      "right_rotation": [
        -0.0,
        0.0,
        -0.0
      ],
      "scale": [
        0.28125,
        0.28125,
        0.28125
      ],
      "translation": [
        5.75,
        5.75,
        5.75
      ]
    },
    "gui": {
      "right_rotation": [
        -0.0,
        0.0,
        -0.0
      ],
      "rotation": [
        -149.99998,
        45.000004,
        179.99998
      ],
      "scale": [
        0.42187497,
        0.42187497,
        0.42187497
      ],
      "translation": [
        7.999999,
        0.19067931,
        10.446014
      ]
    },
    "head": {
      "right_rotation": [
        -0.0,
        0.0,
        -0.0
      ],
      "scale": [
        0.28125,
        0.28125,
        0.28125
      ],
      "translation": [
        5.75,
        5.75,
        5.75
      ]
    },
    "none": {
      "right_rotation": [
        -0.0,
        0.0,
        -0.0
      ],
      "scale": [
        0.28125,
        0.28125,
        0.28125
      ],
      "translation": [
        5.75,
        5.75,
        5.75
      ]
    },
    "thirdperson_lefthand": {
      "right_rotation": [
        -0.0,
        0.0,
        -0.0
      ],
      "rotation": [
        69.99996,
        69.99995,
        -1.4977598E-5
      ],
      "scale": [
        0.28124988,
        0.28124994,
        0.28124994
      ],
      "translation": [
        5.1161466,
        7.466791,
        3.5956278
      ]
    },
    "thirdperson_righthand": {
      "right_rotation": [
        -0.0,
        0.0,
        -0.0
      ],
      "rotation": [
        69.99996,
        69.99995,
        -1.4977598E-5
      ],
      "scale": [
        0.28124988,
        0.28124994,
        0.28124994
      ],
      "translation": [
        5.1161466,
        7.466791,
        3.5956278
      ]
    }
  },
  "flip_v": true,
  "loader": "forge:obj",
  "model": "immersiveengineering:models/block/metal_device/fluid_pump_inv.obj"
}