{
  "display": {
    "firstperson_lefthand": {
      "right_rotation": [
        0.0,
        0.0,
        0.0
      ],
      "rotation": [
        -180.0,
        -5.008955E-6,
        -180.0
      ],
      "scale": [
        0.2109375,
        0.2109375,
        0.2109375
      ],
      "translation": [
        0.0,
        0.0,
        0.0
      ]
    },
    "firstperson_righthand": {
      "right_rotation": [
        0.0,
        0.0,
        0.0
      ],
      "rotation": [
        -180.0,
        -5.008955E-6,
        -180.0
      ],
      "scale": [
        0.2109375,
        0.2109375,
        0.2109375
      ],
      "translation": [
        0.0,
        0.0,
        0.0
      ]
    },
    "fixed": {
      "right_rotation": [
        0.0,
        0.0,
        0.0
      ],
      "rotation": [
        0.0,
        0.0,
        0.0
      ],
      "scale": [
        0.56249994,
        0.56249994,
        0.56249994
      ],
      "translation": [
        0.0,
        -4.0,
        0.0
      ]
    },
    "ground": {
      "right_rotation": [
        0.0,
        0.0,
        0.0
      ],
      "rotation": [
        0.0,
        0.0,
        0.0
      ],
      "scale": [
        0.28125,
        0.28125,
        0.28125
      ],
      "translation": [
        0.0,
        0.0,
        0.0
      ]
    },
    "gui": {
      "right_rotation": [
        0.0,
        0.0,
        0.0
      ],
      "rotation": [
        -149.99998,
        44.99999,
        -179.99998
      ],
      "scale": [
        0.42187494,
        0.4218749,
        0.4218749
      ],
      "translation": [
        0.0,
        -2.5,
        0.0
      ]
    },
    "head": {
      "right_rotation": [
        0.0,
        0.0,
        0.0
      ],
      "rotation": [
        0.0,
        0.0,
        0.0
      ],
      "scale": [
        0.28125,
        0.28125,
        0.28125
      ],
      "translation": [
        0.0,
        0.0,
        0.0
      ]
    },
    "none": {
      "right_rotation": [
        0.0,
        0.0,
        0.0
      ],
      "rotation": [
        0.0,
        0.0,
        0.0
      ],
      "scale": [
        0.28125,
        0.28125,
        0.28125
      ],
      "translation": [
        0.0,
        0.0,
        0.0
      ]
    },
    "thirdperson_lefthand": {
      "right_rotation": [
        0.0,
        0.0,
        0.0
      ],
      "rotation": [
        70.00003,
        70.000015,
        -9.985071E-6
      ],
      "scale": [
        0.28124997,
        0.28125,
        0.28125003
      ],
      "translation": [
        0.0,
        1.5,
        -2.75
      ]
    },
    "thirdperson_righthand": {
      "right_rotation": [
        0.0,
        0.0,
        0.0
      ],
      "rotation": [
        70.00003,
        70.000015,
        -9.985071E-6
      ],
      "scale": [
        0.28124997,
        0.28125,
        0.28125003
      ],
      "translation": [
        0.0,
        1.5,
        -2.75
      ]
    }
  },
  "flip_v": true,
  "loader": "forge:obj",
  "model": "immersiveengineering:models/block/metal_device/fluid_pump_inv.obj"
}