{
  "display": {
    "firstperson_lefthand": {
      "rotation": [
        180.0,
        0.0,
        180.0
      ],
      "scale": [
        0.2109375,
        0.2109375,
        0.2109375
      ]
    },
    "firstperson_righthand": {
      "rotation": [
        180.0,
        0.0,
        180.0
      ],
      "scale": [
        0.2109375,
        0.2109375,
        0.2109375
      ]
    },
    "fixed": {
      "scale": [
        0.56249994,
        0.56249994,
        0.56249994
      ],
      "translation": [
        0.0,
        -4.0,
        0.0
      ]
    },
    "ground": {
      "scale": [
        0.28125,
        0.28125,
        0.28125
      ]
    },
    "gui": {
      "rotation": [
        -150.0,
        45.000004,
        -180.0
      ],
      "scale": [
        0.42187503,
        0.42187494,
        0.421875
      ],
      "translation": [
        0.0,
        -2.5,
        0.0
      ]
    },
    "head": {
      "scale": [
        0.28125,
        0.28125,
        0.28125
      ]
    },
    "none": {
      "scale": [
        0.28125,
        0.28125,
        0.28125
      ]
    },
    "thirdperson_lefthand": {
      "rotation": [
        70.0,
        70.0,
        4.9925357E-6
      ],
      "scale": [
        0.28125,
        0.28124997,
        0.28124997
      ],
      "translation": [
        0.0,
        1.5,
        -2.75
      ]
    },
    "thirdperson_righthand": {
      "rotation": [
        70.0,
        70.0,
        4.9925357E-6
      ],
      "scale": [
        0.28125,
        0.28124997,
        0.28124997
      ],
      "translation": [
        0.0,
        1.5,
        -2.75
      ]
    }
  },
  "flip_v": true,
  "loader": "forge:obj",
  "model": "immersiveengineering:models/block/metal_device/fluid_pump_inv.obj"
}