{
  "display": {
    "firstperson_lefthand": {
      "origin": "corner",
      "right_rotation": [
        0.0,
        0.0,
        0.0
      ],
      "rotation": [
        3.1415927,
        -0.0,
        3.1415927
      ],
      "scale": [
        0.2109375,
        0.2109375,
        0.2109375
      ],
      "translation": [
        0.0,
        0.0,
        0.0
      ]
    },
    "firstperson_righthand": {
      "origin": "corner",
      "right_rotation": [
        0.0,
        0.0,
        0.0
      ],
      "rotation": [
        3.1415927,
        -0.0,
        3.1415927
      ],
      "scale": [
        0.2109375,
        0.2109375,
        0.2109375
      ],
      "translation": [
        0.0,
        0.0,
        0.0
      ]
    },
    "fixed": {
      "origin": "corner",
      "right_rotation": [
        0.0,
        0.0,
        0.0
      ],
      "rotation": [
        0.0,
        0.0,
        0.0
      ],
      "scale": [
        0.56249994,
        0.56249994,
        0.56249994
      ],
      "translation": [
        0.0,
        -0.25,
        0.0
      ]
    },
    "ground": {
      "origin": "corner",
      "right_rotation": [
        0.0,
        0.0,
        0.0
      ],
      "rotation": [
        0.0,
        0.0,
        0.0
      ],
      "scale": [
        0.28125,
        0.28125,
        0.28125
      ],
      "translation": [
        0.0,
        0.0,
        0.0
      ]
    },
    "gui": {
      "origin": "corner",
      "right_rotation": [
        0.0,
        0.0,
        0.0
      ],
      "rotation": [
        2.4568734,
        -0.3613671,
        2.6779451
      ],
      "scale": [
        0.42187494,
        0.4218749,
        0.4218749
      ],
      "translation": [
        0.0,
        -0.15625,
        0.0
      ]
    },
    "head": {
      "origin": "corner",
      "right_rotation": [
        0.0,
        0.0,
        0.0
      ],
      "rotation": [
        0.0,
        0.0,
        0.0
      ],
      "scale": [
        0.28125,
        0.28125,
        0.28125
      ],
      "translation": [
        0.0,
        0.0,
        0.0
      ]
    },
    "none": {
      "origin": "corner",
      "right_rotation": [
        0.0,
        0.0,
        0.0
      ],
      "rotation": [
        0.0,
        0.0,
        0.0
      ],
      "scale": [
        0.28125,
        0.28125,
        0.28125
      ],
      "translation": [
        0.0,
        0.0,
        0.0
      ]
    },
    "thirdperson_lefthand": {
      "origin": "corner",
      "right_rotation": [
        0.0,
        0.0,
        0.0
      ],
      "rotation": [
        1.4469484,
        0.327201,
        1.2012607
      ],
      "scale": [
        0.28124997,
        0.28125,
        0.28125003
      ],
      "translation": [
        0.0,
        0.09375,
        -0.171875
      ]
    },
    "thirdperson_righthand": {
      "origin": "corner",
      "right_rotation": [
        0.0,
        0.0,
        0.0
      ],
      "rotation": [
        1.4469484,
        0.327201,
        1.2012607
      ],
      "scale": [
        0.28124997,
        0.28125,
        0.28125003
      ],
      "translation": [
        0.0,
        0.09375,
        -0.171875
      ]
    }
  },
  "flip_v": true,
  "loader": "forge:obj",
  "model": "immersiveengineering:models/block/metal_device/fluid_pump_inv.obj"
}