{
  "parent": "immersiveengineering:block/metal_device/fluid_pump_inv.obj",
  "display-trsr": {
    "none": {
      "translation": [
        0.359375,
        0.359375,
        0.359375
      ],
      "rotation": [
        0.0,
        0.0,
        0.0,
        1.0
      ],
      "scale": [
        0.28124997,
        0.28124997,
        0.28124997
      ],
      "post-rotation": [
        0.0,
        0.0,
        0.0,
        1.0
      ]
    },
    "third_person_left_hand": {
      "translation": [
        0.31975913,
        0.46667442,
        0.22472672
      ],
      "rotation": [
        0.46984637,
        0.46984637,
        0.32898995,
        0.6710101
      ],
      "scale": [
        0.28124997,
        0.28125,
        0.28125003
      ],
      "post-rotation": [
        0.0,
        0.0,
        0.0,
        1.0
      ]
    },
    "third_person_right_hand": {
      "translation": [
        0.31975913,
        0.46667442,
        0.22472672
      ],
      "rotation": [
        0.46984637,
        0.46984637,
        0.32898995,
        0.6710101
      ],
      "scale": [
        0.28124997,
        0.28125,
        0.28125003
      ],
      "post-rotation": [
        0.0,
        0.0,
        0.0,
        1.0
      ]
    },
    "first_person_left_hand": {
      "translation": [
        0.60546875,
        0.39453125,
        0.60546875
      ],
      "rotation": [
        0.0,
        0.99999994,
        0.0,
        6.123234E-17
      ],
      "scale": [
        0.2109375,
        0.2109375,
        0.2109375
      ],
      "post-rotation": [
        0.0,
        0.0,
        0.0,
        1.0
      ]
    },
    "first_person_right_hand": {
      "translation": [
        0.60546875,
        0.39453125,
        0.60546875
      ],
      "rotation": [
        0.0,
        0.99999994,
        0.0,
        6.123234E-17
      ],
      "scale": [
        0.2109375,
        0.2109375,
        0.2109375
      ],
      "post-rotation": [
        0.0,
        0.0,
        0.0,
        1.0
      ]
    },
    "head": {
      "translation": [
        0.359375,
        0.359375,
        0.359375
      ],
      "rotation": [
        0.0,
        0.0,
        0.0,
        1.0
      ],
      "scale": [
        0.28124997,
        0.28124997,
        0.28124997
      ],
      "post-rotation": [
        0.0,
        0.0,
        0.0,
        1.0
      ]
    },
    "gui": {
      "translation": [
        0.5,
        0.011917442,
        0.65287584
      ],
      "rotation": [
        0.09904578,
        0.8923991,
        0.2391176,
        0.36964375
      ],
      "scale": [
        0.42187494,
        0.4218749,
        0.4218749
      ],
      "post-rotation": [
        0.0,
        0.0,
        0.0,
        1.0
      ]
    },
    "ground": {
      "translation": [
        0.359375,
        0.359375,
        0.359375
      ],
      "rotation": [
        0.0,
        0.0,
        0.0,
        1.0
      ],
      "scale": [
        0.28124997,
        0.28124997,
        0.28124997
      ],
      "post-rotation": [
        0.0,
        0.0,
        0.0,
        1.0
      ]
    },
    "fixed": {
      "translation": [
        0.21875,
        -0.03125,
        0.21875
      ],
      "rotation": [
        0.0,
        0.0,
        0.0,
        1.0
      ],
      "scale": [
        0.56249994,
        0.56249994,
        0.56249994
      ],
      "post-rotation": [
        0.0,
        0.0,
        0.0,
        1.0
      ]
    }
  }
}