{
  "loader": "immersiveengineering:ie_obj",
  "model": "immersiveengineering:models/item/fluorescent_tube.obj.ie",
  "flip-v": true,
  "transform": {
    "thirdperson_righthand": {
      "translation": [
        0.0,
        0.5,
        0.099999994
      ],
      "rotation": [
        0.0,
        0.0,
        0.0,
        1.0
      ],
      "scale": [
        1.0,
        1.0,
        1.0
      ],
      "post-rotation": [
        0.0,
        0.0,
        0.0,
        0.99830717
      ]
    },
    "thirdperson_lefthand": {
      "translation": [
        0.0,
        0.5,
        0.099999994
      ],
      "rotation": [
        0.0,
        0.0,
        0.0,
        1.0
      ],
      "scale": [
        1.0,
        1.0,
        1.0
      ],
      "post-rotation": [
        0.0,
        0.0,
        0.0,
        0.99830717
      ]
    },
    "firstperson_righthand": {
      "translation": [
        0.19999999,
        0.28301284,
        -0.6830127
      ],
      "rotation": [
        -0.50000006,
        0.0,
        0.0,
        0.8660254
      ],
      "scale": [
        1.0,
        1.0000002,
        1.0000002
      ],
      "post-rotation": [
        0.0,
        0.0,
        0.0,
        0.99830717
      ]
    },
    "firstperson_lefthand": {
      "translation": [
        0.19999999,
        0.28301284,
        -0.6830127
      ],
      "rotation": [
        -0.50000006,
        0.0,
        0.0,
        0.8660254
      ],
      "scale": [
        1.0,
        1.0000002,
        1.0000002
      ],
      "post-rotation": [
        0.0,
        0.0,
        0.0,
        0.99830717
      ]
    },
    "head": {
      "translation": [
        0.0,
        0.0,
        0.0
      ],
      "rotation": [
        0.0,
        0.0,
        0.0,
        1.0
      ],
      "scale": [
        1.0,
        1.0,
        1.0
      ],
      "post-rotation": [
        0.0,
        0.0,
        0.0,
        0.99830717
      ]
    },
    "gui": {
      "translation": [
        0.31549317,
        -0.6083864,
        -0.22940195
      ],
      "rotation": [
        0.07465781,
        0.18023995,
        -0.37533033,
        0.9061274
      ],
      "scale": [
        0.99999994,
        1.0,
        1.0
      ],
      "post-rotation": [
        0.0,
        0.0,
        0.0,
        0.99830717
      ]
    },
    "ground": {
      "translation": [
        -0.25,
        0.0,
        -0.25
      ],
      "rotation": [
        0.0,
        0.0,
        0.0,
        1.0
      ],
      "scale": [
        0.5,
        0.5,
        0.5
      ],
      "post-rotation": [
        0.0,
        0.0,
        0.0,
        0.99830717
      ]
    },
    "fixed": {
      "translation": [
        0.0,
        0.0,
        0.0
      ],
      "rotation": [
        0.0,
        0.0,
        0.0,
        1.0
      ],
      "scale": [
        1.0,
        1.0,
        1.0
      ],
      "post-rotation": [
        0.0,
        0.0,
        0.0,
        0.99830717
      ]
    }
  }
}