{
  "display": {
    "firstperson_lefthand": {
      "right_rotation": [
        -0.0,
        0.0,
        -0.0
      ],
      "rotation": [
        19.999996,
        -44.999996,
        -6.0370908E-6
      ],
      "scale": [
        0.24999997,
        0.25,
        0.24999997
      ]
    },
    "firstperson_righthand": {
      "right_rotation": [
        -0.0,
        0.0,
        -0.0
      ],
      "rotation": [
        19.999996,
        -44.999996,
        -6.0370908E-6
      ],
      "scale": [
        0.24999997,
        0.25,
        0.24999997
      ]
    },
    "fixed": {
      "right_rotation": [
        -0.0,
        0.0,
        -0.0
      ],
      "rotation": [
        19.999996,
        -44.999996,
        -6.0370908E-6
      ],
      "scale": [
        0.24999997,
        0.25,
        0.24999997
      ]
    },
    "ground": {
      "right_rotation": [
        -0.0,
        0.0,
        -0.0
      ],
      "rotation": [
        19.999996,
        -44.999996,
        -6.0370908E-6
      ],
      "scale": [
        0.24999997,
        0.25,
        0.24999997
      ]
    },
    "gui": {
      "right_rotation": [
        -0.0,
        0.0,
        -0.0
      ],
      "rotation": [
        19.999996,
        -44.999996,
        -6.0370908E-6
      ],
      "scale": [
        0.24999997,
        0.25,
        0.24999997
      ]
    },
    "head": {
      "right_rotation": [
        -0.0,
        0.0,
        -0.0
      ],
      "rotation": [
        19.999996,
        -44.999996,
        -6.0370908E-6
      ],
      "scale": [
        0.24999997,
        0.25,
        0.24999997
      ]
    },
    "none": {
      "right_rotation": [
        -0.0,
        0.0,
        -0.0
      ],
      "rotation": [
        19.999996,
        -44.999996,
        -6.0370908E-6
      ],
      "scale": [
        0.24999997,
        0.25,
        0.24999997
      ]
    },
    "thirdperson_lefthand": {
      "right_rotation": [
        -0.0,
        0.0,
        -0.0
      ],
      "rotation": [
        19.999996,
        -44.999996,
        -6.0370908E-6
      ],
      "scale": [
        0.24999997,
        0.25,
        0.24999997
      ]
    },
    "thirdperson_righthand": {
      "right_rotation": [
        -0.0,
        0.0,
        -0.0
      ],
      "rotation": [
        19.999996,
        -44.999996,
        -6.0370908E-6
      ],
      "scale": [
        0.24999997,
        0.25,
        0.24999997
      ]
    }
  },
  "flip_v": true,
  "loader": "forge:obj",
  "model": "immersiveengineering:models/block/metal_multiblock/lightningrod.obj"
}