{
  "callbacks": "immersiveengineering:railgun",
  "display": {
    "firstperson_lefthand": {
      "origin": "corner",
      "right_rotation": [
        0.0,
        0.0,
        0.0
      ],
      "rotation": [
        0.0,
        0.0,
        0.0
      ],
      "scale": [
        0.125,
        0.124999985,
        0.125
      ],
      "translation": [
        -0.21875,
        0.203125,
        0.109375015
      ]
    },
    "firstperson_righthand": {
      "origin": "corner",
      "right_rotation": [
        0.0,
        0.0,
        0.0
      ],
      "rotation": [
        0.0,
        0.0,
        0.0
      ],
      "scale": [
        0.125,
        0.124999985,
        0.125
      ],
      "translation": [
        -0.062499985,
        0.1875,
        0.06249997
      ]
    },
    "fixed": {
      "origin": "corner",
      "right_rotation": [
        0.0,
        0.0,
        0.0
      ],
      "rotation": [
        0.0,
        0.0,
        -0.78539824
      ],
      "scale": [
        0.125,
        0.125,
        0.125
      ],
      "translation": [
        0.18750003,
        0.062499993,
        0.0625
      ]
    },
    "ground": {
      "origin": "corner",
      "right_rotation": [
        0.0,
        0.0,
        0.0
      ],
      "rotation": [
        0.0,
        0.0,
        0.0
      ],
      "scale": [
        0.125,
        0.125,
        0.125
      ],
      "translation": [
        0.125,
        0.125,
        0.0625
      ]
    },
    "gui": {
      "origin": "corner",
      "right_rotation": [
        0.0,
        0.0,
        0.0
      ],
      "rotation": [
        2.4479551,
        5.960465E-8,
        -2.2644336
      ],
      "scale": [
        0.18749997,
        0.18749999,
        0.18749999
      ],
      "translation": [
        -0.18749997,
        9.313226E-9,
        1.1175871E-8
      ]
    },
    "thirdperson_lefthand": {
      "origin": "corner",
      "right_rotation": [
        0.0,
        0.0,
        0.0
      ],
      "rotation": [
        1.4323992,
        -1.1920929E-7,
        -1.4730916
      ],
      "scale": [
        0.18750006,
        0.18750003,
        0.18750004
      ],
      "translation": [
        -0.18750006,
        0.5,
        -0.3125
      ]
    },
    "thirdperson_righthand": {
      "origin": "corner",
      "right_rotation": [
        0.0,
        0.0,
        0.0
      ],
      "rotation": [
        1.7091938,
        -1.19209275E-7,
        1.6685015
      ],
      "scale": [
        0.18750006,
        0.18750004,
        0.18750006
      ],
      "translation": [
        0.062500015,
        0.5,
        -0.31250003
      ]
    }
  },
  "loader": "immersiveengineering:ie_obj",
  "model": "immersiveengineering:models/item/railgun.obj.ie"
}