{
  "callbacks": "immersiveengineering:railgun",
  "display": {
    "firstperson_lefthand": {
      "rotation": [
        0.0,
        -84.37506,
        0.0
      ],
      "scale": [
        0.125,
        0.124999985,
        0.125
      ],
      "translation": [
        -3.5,
        3.25,
        1.7500002
      ]
    },
    "firstperson_righthand": {
      "rotation": [
        0.0,
        84.37506,
        0.0
      ],
      "scale": [
        0.125,
        0.124999985,
        0.125
      ],
      "translation": [
        -0.99999976,
        3.0,
        0.9999995
      ]
    },
    "fixed": {
      "rotation": [
        0.0,
        0.0,
        -44.999996
      ],
      "scale": [
        0.12500001,
        0.12500001,
        0.12500001
      ],
      "translation": [
        3.0000005,
        1.0,
        1.0000001
      ]
    },
    "ground": {
      "scale": [
        0.125,
        0.125,
        0.125
      ],
      "translation": [
        2.0,
        2.0,
        1.0
      ]
    },
    "gui": {
      "rotation": [
        179.99998,
        -56.250004,
        146.24998
      ],
      "scale": [
        0.18749997,
        0.18749997,
        0.18749996
      ],
      "translation": [
        -2.9999998,
        0.0,
        -1.1920929E-7
      ]
    },
    "thirdperson_lefthand": {
      "rotation": [
        -3.4841887E-5,
        -84.37506,
        -45.000084
      ],
      "scale": [
        0.18750004,
        0.18750006,
        0.18750006
      ],
      "translation": [
        -3.0000005,
        8.0,
        -5.0
      ]
    },
    "thirdperson_righthand": {
      "rotation": [
        179.99995,
        84.37506,
        -134.99998
      ],
      "scale": [
        0.18750004,
        0.18750006,
        0.18750006
      ],
      "translation": [
        1.0000005,
        8.0,
        -5.0
      ]
    }
  },
  "loader": "immersiveengineering:ie_obj",
  "model": "immersiveengineering:models/item/railgun.obj.ie"
}