{
  "loader": "immersiveengineering:ie_obj",
  "model": "immersiveengineering:models/item/railgun.obj.ie",
  "flip-v": true,
  "transform": {
    "thirdperson_righthand": {
      "translation": [
        0.06250002,
        0.5,
        -0.3125
      ],
      "rotation": [
        0.28354973,
        0.68454957,
        0.2569944,
        0.62043965
      ],
      "scale": [
        0.1875,
        0.18750003,
        0.18750003
      ],
      "post-rotation": [
        0.0,
        0.0,
        0.0,
        1.0
      ]
    },
    "thirdperson_lefthand": {
      "translation": [
        -0.18750003,
        0.5,
        -0.3125
      ],
      "rotation": [
        0.25699446,
        -0.6204396,
        -0.2835497,
        0.68454957
      ],
      "scale": [
        0.1875,
        0.1875,
        0.18750001
      ],
      "post-rotation": [
        0.0,
        0.0,
        0.0,
        1.0
      ]
    },
    "firstperson_righthand": {
      "translation": [
        -0.062499985,
        0.1875,
        0.06249997
      ],
      "rotation": [
        0.0,
        0.671559,
        0.0,
        0.7409512
      ],
      "scale": [
        0.125,
        0.124999985,
        0.125
      ],
      "post-rotation": [
        0.0,
        0.0,
        0.0,
        1.0
      ]
    },
    "firstperson_lefthand": {
      "translation": [
        -0.21875,
        0.203125,
        0.109375015
      ],
      "rotation": [
        0.0,
        -0.671559,
        0.0,
        0.7409512
      ],
      "scale": [
        0.125,
        0.124999985,
        0.125
      ],
      "post-rotation": [
        0.0,
        0.0,
        0.0,
        1.0
      ]
    },
    "head": {
      "translation": [
        0.0,
        0.0,
        0.0
      ],
      "rotation": [
        0.0,
        0.0,
        0.0,
        1.0
      ],
      "scale": [
        1.0,
        1.0,
        1.0
      ],
      "post-rotation": [
        0.0,
        0.0,
        0.0,
        1.0
      ]
    },
    "gui": {
      "translation": [
        -0.18750003,
        -9.313226E-9,
        -1.1175871E-8
      ],
      "rotation": [
        -0.25600824,
        0.84394604,
        0.13683924,
        -0.4510985
      ],
      "scale": [
        0.18750004,
        0.1875,
        0.18750004
      ],
      "post-rotation": [
        0.0,
        0.0,
        0.0,
        1.0
      ]
    },
    "ground": {
      "translation": [
        0.125,
        0.125,
        0.0625
      ],
      "rotation": [
        0.0,
        0.0,
        0.0,
        1.0
      ],
      "scale": [
        0.125,
        0.125,
        0.125
      ],
      "post-rotation": [
        0.0,
        0.0,
        0.0,
        1.0
      ]
    },
    "fixed": {
      "translation": [
        0.18750003,
        0.0625,
        0.0625
      ],
      "rotation": [
        0.0,
        0.0,
        -0.38268343,
        0.92387956
      ],
      "scale": [
        0.125,
        0.125,
        0.125
      ],
      "post-rotation": [
        0.0,
        0.0,
        0.0,
        1.0
      ]
    }
  }
}