{
  "display": {
    "firstperson_lefthand": {
      "right_rotation": [
        0.0,
        0.0,
        180.0
      ],
      "rotation": [
        180.0,
        0.0,
        0.0
      ],
      "scale": [
        0.28124997,
        0.28124997,
        0.28124997
      ],
      "translation": [
        0.0,
        2.0,
        0.0
      ]
    },
    "firstperson_righthand": {
      "right_rotation": [
        0.0,
        0.0,
        180.0
      ],
      "rotation": [
        180.0,
        0.0,
        0.0
      ],
      "scale": [
        0.28124997,
        0.28124997,
        0.28124997
      ],
      "translation": [
        0.0,
        2.0,
        0.0
      ]
    },
    "fixed": {
      "right_rotation": [
        0.0,
        0.0,
        180.0
      ],
      "rotation": [
        0.0,
        0.0,
        180.0
      ],
      "scale": [
        0.74999994,
        0.74999994,
        0.74999994
      ],
      "translation": [
        0.0,
        -4.0,
        0.0
      ]
    },
    "ground": {
      "right_rotation": [
        0.0,
        0.0,
        180.0
      ],
      "rotation": [
        0.0,
        0.0,
        180.0
      ],
      "scale": [
        0.375,
        0.375,
        0.375
      ]
    },
    "gui": {
      "right_rotation": [
        0.0,
        0.0,
        180.0
      ],
      "rotation": [
        -180.0,
        44.999992,
        -29.999989
      ],
      "scale": [
        0.56249994,
        0.5624999,
        0.56249994
      ]
    },
    "head": {
      "right_rotation": [
        0.0,
        0.0,
        180.0
      ],
      "rotation": [
        0.0,
        0.0,
        180.0
      ],
      "scale": [
        0.375,
        0.375,
        0.375
      ]
    },
    "none": {
      "right_rotation": [
        0.0,
        0.0,
        180.0
      ],
      "rotation": [
        0.0,
        0.0,
        180.0
      ],
      "scale": [
        0.375,
        0.375,
        0.375
      ]
    },
    "thirdperson_lefthand": {
      "right_rotation": [
        0.0,
        0.0,
        180.0
      ],
      "rotation": [
        -9.985075E-6,
        70.000015,
        110.00002
      ],
      "scale": [
        0.37499997,
        0.37500003,
        0.37500003
      ],
      "translation": [
        0.0,
        1.5,
        2.0
      ]
    },
    "thirdperson_righthand": {
      "right_rotation": [
        0.0,
        0.0,
        180.0
      ],
      "rotation": [
        -9.985075E-6,
        70.000015,
        110.00002
      ],
      "scale": [
        0.37499997,
        0.37500003,
        0.37500003
      ],
      "translation": [
        0.0,
        1.5,
        2.0
      ]
    }
  },
  "flip_v": true,
  "loader": "forge:obj",
  "model": "immersiveengineering:models/block/connector/redstone_breaker.obj.ie"
}