{
  "display": {
    "firstperson_lefthand": {
      "origin": "corner",
      "right_rotation": [
        0.0,
        0.0,
        0.0
      ],
      "rotation": [
        3.1415927,
        -0.0,
        3.1415927
      ],
      "scale": [
        0.28124997,
        0.28124997,
        0.28124997
      ],
      "translation": [
        0.0,
        0.125,
        0.0
      ]
    },
    "firstperson_righthand": {
      "origin": "corner",
      "right_rotation": [
        0.0,
        0.0,
        0.0
      ],
      "rotation": [
        3.1415927,
        -0.0,
        3.1415927
      ],
      "scale": [
        0.28124997,
        0.28124997,
        0.28124997
      ],
      "translation": [
        0.0,
        0.125,
        0.0
      ]
    },
    "fixed": {
      "origin": "corner",
      "right_rotation": [
        0.0,
        0.0,
        0.0
      ],
      "rotation": [
        0.0,
        0.0,
        0.0
      ],
      "scale": [
        0.74999994,
        0.74999994,
        0.74999994
      ],
      "translation": [
        0.0,
        -0.25,
        0.0
      ]
    },
    "ground": {
      "origin": "corner",
      "right_rotation": [
        0.0,
        0.0,
        0.0
      ],
      "rotation": [
        0.0,
        0.0,
        0.0
      ],
      "scale": [
        0.375,
        0.375,
        0.375
      ],
      "translation": [
        0.0,
        0.0,
        0.0
      ]
    },
    "gui": {
      "origin": "corner",
      "right_rotation": [
        0.0,
        0.0,
        0.0
      ],
      "rotation": [
        2.4568734,
        -0.36136714,
        2.6779451
      ],
      "scale": [
        0.5625,
        0.5625,
        0.56249994
      ],
      "translation": [
        0.0,
        0.0,
        0.0
      ]
    },
    "head": {
      "origin": "corner",
      "right_rotation": [
        0.0,
        0.0,
        0.0
      ],
      "rotation": [
        0.0,
        0.0,
        0.0
      ],
      "scale": [
        0.375,
        0.375,
        0.375
      ],
      "translation": [
        0.0,
        0.0,
        0.0
      ]
    },
    "none": {
      "origin": "corner",
      "right_rotation": [
        0.0,
        0.0,
        0.0
      ],
      "rotation": [
        0.0,
        0.0,
        0.0
      ],
      "scale": [
        0.375,
        0.375,
        0.375
      ],
      "translation": [
        0.0,
        0.0,
        0.0
      ]
    },
    "thirdperson_lefthand": {
      "origin": "corner",
      "right_rotation": [
        0.0,
        0.0,
        0.0
      ],
      "rotation": [
        1.4469484,
        0.3272009,
        1.2012608
      ],
      "scale": [
        0.3750001,
        0.37500006,
        0.37500006
      ],
      "translation": [
        0.0,
        0.09375,
        0.125
      ]
    },
    "thirdperson_righthand": {
      "origin": "corner",
      "right_rotation": [
        0.0,
        0.0,
        0.0
      ],
      "rotation": [
        1.4469484,
        0.3272009,
        1.2012608
      ],
      "scale": [
        0.3750001,
        0.37500006,
        0.37500006
      ],
      "translation": [
        0.0,
        0.09375,
        0.125
      ]
    }
  },
  "flip_v": true,
  "loader": "forge:obj",
  "model": "immersiveengineering:models/block/connector/redstone_breaker.obj.ie"
}