{
  "display": {
    "firstperson_lefthand": {
      "rotation": [
        -180.0,
        -5.0089557E-6,
        -180.0
      ],
      "scale": [
        0.28124997,
        0.28124997,
        0.28124997
      ],
      "translation": [
        0.0,
        2.0,
        0.0
      ]
    },
    "firstperson_righthand": {
      "rotation": [
        -180.0,
        -5.0089557E-6,
        -180.0
      ],
      "scale": [
        0.28124997,
        0.28124997,
        0.28124997
      ],
      "translation": [
        0.0,
        2.0,
        0.0
      ]
    },
    "fixed": {
      "scale": [
        0.74999994,
        0.74999994,
        0.74999994
      ],
      "translation": [
        0.0,
        -4.0,
        0.0
      ]
    },
    "ground": {
      "scale": [
        0.375,
        0.375,
        0.375
      ]
    },
    "gui": {
      "rotation": [
        -150.0,
        44.999992,
        -179.99998
      ],
      "scale": [
        0.5625,
        0.5625,
        0.56249994
      ]
    },
    "head": {
      "scale": [
        0.375,
        0.375,
        0.375
      ]
    },
    "none": {
      "scale": [
        0.375,
        0.375,
        0.375
      ]
    },
    "thirdperson_lefthand": {
      "rotation": [
        70.00004,
        70.00004,
        -9.985075E-6
      ],
      "scale": [
        0.3750001,
        0.37500006,
        0.37500006
      ],
      "translation": [
        0.0,
        1.5,
        2.0
      ]
    },
    "thirdperson_righthand": {
      "rotation": [
        70.00004,
        70.00004,
        -9.985075E-6
      ],
      "scale": [
        0.3750001,
        0.37500006,
        0.37500006
      ],
      "translation": [
        0.0,
        1.5,
        2.0
      ]
    }
  },
  "flip_v": true,
  "loader": "forge:obj",
  "model": "immersiveengineering:models/block/connector/redstone_breaker.obj.ie"
}