{
  "parent": "immersiveengineering:block/connector/redstone_breaker.obj.ie",
  "display-trsr": {
    "none": {
      "translation": [
        0.3125,
        0.3125,
        0.3125
      ],
      "rotation": [
        0.0,
        0.0,
        0.0,
        1.0
      ],
      "scale": [
        0.37499997,
        0.37499997,
        0.37499997
      ],
      "post-rotation": [
        0.0,
        0.0,
        0.0,
        1.0
      ]
    },
    "third_person_left_hand": {
      "translation": [
        0.25967887,
        0.4243159,
        0.48713565
      ],
      "rotation": [
        0.4698464,
        0.4698464,
        0.32898995,
        0.67101
      ],
      "scale": [
        0.37500006,
        0.37500006,
        0.37500006
      ],
      "post-rotation": [
        0.0,
        0.0,
        0.0,
        1.0
      ]
    },
    "third_person_right_hand": {
      "translation": [
        0.25967887,
        0.4243159,
        0.48713565
      ],
      "rotation": [
        0.4698464,
        0.4698464,
        0.32898995,
        0.67101
      ],
      "scale": [
        0.37500006,
        0.37500006,
        0.37500006
      ],
      "post-rotation": [
        0.0,
        0.0,
        0.0,
        1.0
      ]
    },
    "first_person_left_hand": {
      "translation": [
        0.640625,
        0.484375,
        0.640625
      ],
      "rotation": [
        0.0,
        1.0,
        0.0,
        6.123234E-17
      ],
      "scale": [
        0.28124997,
        0.28124997,
        0.28124997
      ],
      "post-rotation": [
        0.0,
        0.0,
        0.0,
        1.0
      ]
    },
    "first_person_right_hand": {
      "translation": [
        0.640625,
        0.484375,
        0.640625
      ],
      "rotation": [
        0.0,
        1.0,
        0.0,
        6.123234E-17
      ],
      "scale": [
        0.28124997,
        0.28124997,
        0.28124997
      ],
      "post-rotation": [
        0.0,
        0.0,
        0.0,
        1.0
      ]
    },
    "head": {
      "translation": [
        0.3125,
        0.3125,
        0.3125
      ],
      "rotation": [
        0.0,
        0.0,
        0.0,
        1.0
      ],
      "scale": [
        0.37499997,
        0.37499997,
        0.37499997
      ],
      "post-rotation": [
        0.0,
        0.0,
        0.0,
        1.0
      ]
    },
    "gui": {
      "translation": [
        0.5,
        0.05755657,
        0.7038345
      ],
      "rotation": [
        0.09904577,
        0.892399,
        0.23911761,
        0.36964378
      ],
      "scale": [
        0.56249994,
        0.56250006,
        0.56249994
      ],
      "post-rotation": [
        0.0,
        0.0,
        0.0,
        1.0
      ]
    },
    "ground": {
      "translation": [
        0.3125,
        0.3125,
        0.3125
      ],
      "rotation": [
        0.0,
        0.0,
        0.0,
        1.0
      ],
      "scale": [
        0.37499997,
        0.37499997,
        0.37499997
      ],
      "post-rotation": [
        0.0,
        0.0,
        0.0,
        1.0
      ]
    },
    "fixed": {
      "translation": [
        0.125,
        -0.125,
        0.125
      ],
      "rotation": [
        0.0,
        0.0,
        0.0,
        1.0
      ],
      "scale": [
        0.74999994,
        0.74999994,
        0.74999994
      ],
      "post-rotation": [
        0.0,
        0.0,
        0.0,
        1.0
      ]
    }
  }
}