{
  "callbacks": "immersiveengineering:revolver",
  "display": {
    "firstperson_lefthand": {
      "origin": "corner",
      "right_rotation": [
        0.0,
        0.0,
        0.0
      ],
      "rotation": [
        0.0,
        0.0,
        0.0
      ],
      "scale": [
        0.18749999,
        0.24999999,
        0.24999997
      ],
      "translation": [
        0.125,
        0.0625,
        0.05624999
      ]
    },
    "firstperson_righthand": {
      "origin": "corner",
      "right_rotation": [
        0.0,
        0.0,
        0.0
      ],
      "rotation": [
        0.0,
        0.0,
        0.0
      ],
      "scale": [
        0.18749999,
        0.24999999,
        0.24999997
      ],
      "translation": [
        -0.124999985,
        0.0625,
        0.046875
      ]
    },
    "fixed": {
      "origin": "corner",
      "right_rotation": [
        0.0,
        0.0,
        0.0
      ],
      "rotation": [
        -3.1415927,
        6.6174425E-24,
        -2.443461
      ],
      "scale": [
        0.18750012,
        0.18750004,
        0.18750012
      ],
      "translation": [
        -0.37500006,
        -0.25,
        -0.06250005
      ]
    },
    "ground": {
      "origin": "corner",
      "right_rotation": [
        0.0,
        0.0,
        0.0
      ],
      "rotation": [
        0.0,
        0.0,
        0.0
      ],
      "scale": [
        0.125,
        0.125,
        0.125
      ],
      "translation": [
        0.125,
        0.0,
        0.0625
      ]
    },
    "gui": {
      "origin": "corner",
      "right_rotation": [
        0.0,
        0.0,
        0.0
      ],
      "rotation": [
        0.44856617,
        2.9802326E-8,
        -0.74052685
      ],
      "scale": [
        0.2,
        0.20000002,
        0.19999997
      ],
      "translation": [
        0.1875,
        -0.0781225,
        -0.15625
      ]
    },
    "thirdperson_lefthand": {
      "origin": "corner",
      "right_rotation": [
        0.0,
        0.0,
        0.0
      ],
      "rotation": [
        1.5707972,
        7.4505806E-8,
        1.5707971
      ],
      "scale": [
        0.12500004,
        0.12500003,
        0.12500003
      ],
      "translation": [
        -3.7252903E-9,
        0.062500015,
        -0.03125005
      ]
    },
    "thirdperson_righthand": {
      "origin": "corner",
      "right_rotation": [
        0.0,
        0.0,
        0.0
      ],
      "rotation": [
        1.5707972,
        7.4505806E-8,
        -1.5707971
      ],
      "scale": [
        0.12500004,
        0.12500003,
        0.12500003
      ],
      "translation": [
        -0.12500001,
        0.06250003,
        -0.031249985
      ]
    }
  },
  "dynamic": true,
  "loader": "immersiveengineering:ie_obj",
  "model": "immersiveengineering:models/item/revolver.obj.ie"
}