{
  "callbacks": "immersiveengineering:revolver",
  "dynamic": true,
  "loader": "immersiveengineering:ie_obj",
  "model": "immersiveengineering:models/item/revolver.obj.ie",
  "transform": {
    "firstperson_lefthand": {
      "origin": "corner",
      "post-rotation": [
        0.0,
        0.0,
        0.0,
        0.99830717
      ],
      "rotation": [
        0.0,
        0.7071067,
        0.0,
        0.70710677
      ],
      "scale": [
        0.18749999,
        0.24999999,
        0.24999997
      ],
      "translation": [
        0.125,
        0.0625,
        0.05624999
      ]
    },
    "firstperson_righthand": {
      "origin": "corner",
      "post-rotation": [
        0.0,
        0.0,
        0.0,
        0.99830717
      ],
      "rotation": [
        0.0,
        -0.7071067,
        0.0,
        0.70710677
      ],
      "scale": [
        0.18749999,
        0.24999999,
        0.24999997
      ],
      "translation": [
        -0.124999985,
        0.0625,
        0.046875
      ]
    },
    "fixed": {
      "origin": "corner",
      "post-rotation": [
        0.0,
        0.0,
        0.0,
        0.99830717
      ],
      "rotation": [
        -0.34202015,
        0.9396928,
        -2.094269E-17,
        5.7539564E-17
      ],
      "scale": [
        0.18750012,
        0.18750004,
        0.18750012
      ],
      "translation": [
        -0.37500006,
        -0.25,
        -0.06250005
      ]
    },
    "ground": {
      "origin": "corner",
      "post-rotation": [
        0.0,
        0.0,
        0.0,
        0.99830717
      ],
      "rotation": [
        0.0,
        0.0,
        0.0,
        1.0
      ],
      "scale": [
        0.125,
        0.125,
        0.125
      ],
      "translation": [
        0.125,
        0.0,
        0.0625
      ]
    },
    "gui": {
      "origin": "corner",
      "post-rotation": [
        0.0,
        0.0,
        0.0,
        0.99830717
      ],
      "rotation": [
        0.102847464,
        -0.32619038,
        -0.28257105,
        0.8962007
      ],
      "scale": [
        0.2,
        0.20000002,
        0.19999997
      ],
      "translation": [
        0.1875,
        -0.0781225,
        -0.15625
      ]
    },
    "head": {
      "origin": "corner",
      "post-rotation": [
        0.0,
        0.0,
        0.0,
        0.99830717
      ],
      "rotation": [
        0.0,
        0.0,
        0.0,
        1.0
      ],
      "scale": [
        1.0,
        1.0,
        1.0
      ],
      "translation": [
        0.0,
        0.0,
        0.0
      ]
    },
    "thirdperson_lefthand": {
      "origin": "corner",
      "post-rotation": [
        0.0,
        0.0,
        0.0,
        0.99830717
      ],
      "rotation": [
        0.061628446,
        0.7044161,
        0.061628386,
        0.704416
      ],
      "scale": [
        0.12500004,
        0.12500003,
        0.12500003
      ],
      "translation": [
        -3.7252903E-9,
        0.062500015,
        -0.03125005
      ]
    },
    "thirdperson_righthand": {
      "origin": "corner",
      "post-rotation": [
        0.0,
        0.0,
        0.0,
        0.99830717
      ],
      "rotation": [
        -0.061628446,
        0.7044161,
        0.061628386,
        -0.704416
      ],
      "scale": [
        0.12500004,
        0.12500003,
        0.12500003
      ],
      "translation": [
        -0.12500001,
        0.06250003,
        -0.031249985
      ]
    }
  }
}