{
  "callbacks": "immersiveengineering:revolver",
  "display": {
    "firstperson_lefthand": {
      "right_rotation": [
        0.0,
        0.0,
        0.0
      ],
      "rotation": [
        0.0,
        90.0,
        0.0
      ],
      "scale": [
        0.18749999,
        0.24999999,
        0.24999997
      ],
      "translation": [
        2.0,
        1.0,
        0.89999986
      ]
    },
    "firstperson_righthand": {
      "right_rotation": [
        0.0,
        0.0,
        0.0
      ],
      "rotation": [
        0.0,
        -90.0,
        0.0
      ],
      "scale": [
        0.18749999,
        0.24999999,
        0.24999997
      ],
      "translation": [
        -1.9999998,
        1.0,
        0.75
      ]
    },
    "fixed": {
      "right_rotation": [
        0.0,
        0.0,
        0.0
      ],
      "rotation": [
        180.0,
        7.0167083E-15,
        140.0
      ],
      "scale": [
        0.18750012,
        0.18750004,
        0.18750012
      ],
      "translation": [
        -6.000001,
        -4.0,
        -1.0000008
      ]
    },
    "ground": {
      "right_rotation": [
        0.0,
        0.0,
        0.0
      ],
      "rotation": [
        0.0,
        0.0,
        0.0
      ],
      "scale": [
        0.125,
        0.125,
        0.125
      ],
      "translation": [
        2.0,
        0.0,
        1.0
      ]
    },
    "gui": {
      "right_rotation": [
        0.0,
        0.0,
        0.0
      ],
      "rotation": [
        2.2290444E-6,
        -39.99999,
        -35.0
      ],
      "scale": [
        0.2,
        0.20000002,
        0.19999997
      ],
      "translation": [
        3.0,
        -1.24996,
        -2.5
      ]
    },
    "thirdperson_lefthand": {
      "right_rotation": [
        0.0,
        0.0,
        0.0
      ],
      "rotation": [
        147.9946,
        90.0,
        -138.81407
      ],
      "scale": [
        0.12500004,
        0.12500003,
        0.12500003
      ],
      "translation": [
        -5.9604645E-8,
        1.0000002,
        -0.5000008
      ]
    },
    "thirdperson_righthand": {
      "right_rotation": [
        0.0,
        0.0,
        0.0
      ],
      "rotation": [
        147.9946,
        -90.0,
        138.81407
      ],
      "scale": [
        0.12500004,
        0.12500003,
        0.12500003
      ],
      "translation": [
        -2.0000002,
        1.0000005,
        -0.49999976
      ]
    }
  },
  "dynamic": true,
  "loader": "immersiveengineering:ie_obj",
  "model": "immersiveengineering:models/item/revolver.obj.ie"
}