{
  "loader": "immersiveengineering:ie_obj",
  "model": "immersiveengineering:models/item/revolver.obj.ie",
  "flip-v": true,
  "dynamic": true,
  "transform": {
    "thirdperson_righthand": {
      "translation": [
        -0.125,
        0.06250003,
        -0.031249985
      ],
      "rotation": [
        -0.061628446,
        0.7044161,
        0.061628446,
        -0.7044161
      ],
      "scale": [
        0.12500003,
        0.12500003,
        0.125
      ],
      "post-rotation": [
        0.0,
        0.0,
        0.0,
        1.0
      ]
    },
    "thirdperson_lefthand": {
      "translation": [
        -3.7252903E-9,
        0.062500015,
        -0.031250034
      ],
      "rotation": [
        0.061628446,
        0.7044161,
        0.061628446,
        0.7044161
      ],
      "scale": [
        0.12500003,
        0.12500003,
        0.125
      ],
      "post-rotation": [
        0.0,
        0.0,
        0.0,
        1.0
      ]
    },
    "firstperson_righthand": {
      "translation": [
        -0.124999985,
        0.0625,
        0.046875
      ],
      "rotation": [
        0.0,
        -0.7071067,
        0.0,
        0.70710677
      ],
      "scale": [
        0.18749999,
        0.24999999,
        0.24999997
      ],
      "post-rotation": [
        0.0,
        0.0,
        0.0,
        1.0
      ]
    },
    "firstperson_lefthand": {
      "translation": [
        0.125,
        0.0625,
        0.05624999
      ],
      "rotation": [
        0.0,
        0.7071067,
        0.0,
        0.70710677
      ],
      "scale": [
        0.18749999,
        0.24999999,
        0.24999997
      ],
      "post-rotation": [
        0.0,
        0.0,
        0.0,
        1.0
      ]
    },
    "head": {
      "translation": [
        0.0,
        0.0,
        0.0
      ],
      "rotation": [
        0.0,
        0.0,
        0.0,
        1.0
      ],
      "scale": [
        1.0,
        1.0,
        1.0
      ],
      "post-rotation": [
        0.0,
        0.0,
        0.0,
        1.0
      ]
    },
    "gui": {
      "translation": [
        0.1875,
        -0.0781225,
        -0.15625
      ],
      "rotation": [
        0.102847464,
        -0.32619038,
        -0.28257105,
        0.8962007
      ],
      "scale": [
        0.2,
        0.20000002,
        0.19999997
      ],
      "post-rotation": [
        0.0,
        0.0,
        0.0,
        1.0
      ]
    },
    "ground": {
      "translation": [
        0.125,
        0.0,
        0.0625
      ],
      "rotation": [
        0.0,
        0.0,
        0.0,
        1.0
      ],
      "scale": [
        0.125,
        0.125,
        0.125
      ],
      "post-rotation": [
        0.0,
        0.0,
        0.0,
        1.0
      ]
    },
    "fixed": {
      "translation": [
        -0.37500003,
        -0.24999999,
        -0.0625
      ],
      "rotation": [
        -0.34202018,
        0.93969274,
        -2.0942693E-17,
        5.753958E-17
      ],
      "scale": [
        0.18750001,
        0.18750001,
        0.18750001
      ],
      "post-rotation": [
        0.0,
        0.0,
        0.0,
        1.0
      ]
    }
  }
}