{
  "display": {
    "firstperson_lefthand": {
      "right_rotation": [
        -0.0,
        0.0,
        -0.0
      ],
      "rotation": [
        180.0,
        0.0,
        180.0
      ],
      "scale": [
        0.1875,
        0.1875,
        0.1875
      ],
      "translation": [
        9.5,
        6.5,
        9.5
      ]
    },
    "firstperson_righthand": {
      "right_rotation": [
        -0.0,
        0.0,
        -0.0
      ],
      "rotation": [
        180.0,
        0.0,
        180.0
      ],
      "scale": [
        0.1875,
        0.1875,
        0.1875
      ],
      "translation": [
        9.5,
        6.5,
        9.5
      ]
    },
    "fixed": {
      "right_rotation": [
        -0.0,
        0.0,
        -0.0
      ],
      "scale": [
        0.375,
        0.375,
        0.375
      ],
      "translation": [
        5.0,
        -1.0,
        5.0
      ]
    },
    "ground": {
      "right_rotation": [
        -0.0,
        0.0,
        -0.0
      ],
      "scale": [
        0.1875,
        0.1875,
        0.1875
      ],
      "translation": [
        6.5,
        6.5,
        6.5
      ]
    },
    "gui": {
      "right_rotation": [
        -0.0,
        0.0,
        -0.0
      ],
      "rotation": [
        30.000017,
        50.00001,
        0.0
      ],
      "scale": [
        0.30468756,
        0.30468753,
        0.30468756
      ],
      "translation": [
        4.5659723,
        1.7388425,
        7.0414386
      ]
    },
    "head": {
      "right_rotation": [
        -0.0,
        0.0,
        -0.0
      ],
      "scale": [
        0.1875,
        0.1875,
        0.1875
      ],
      "translation": [
        6.5,
        6.5,
        6.5
      ]
    },
    "none": {
      "right_rotation": [
        -0.0,
        0.0,
        -0.0
      ],
      "scale": [
        0.1875,
        0.1875,
        0.1875
      ],
      "translation": [
        6.5,
        6.5,
        6.5
      ]
    },
    "thirdperson_lefthand": {
      "right_rotation": [
        -0.0,
        0.0,
        -0.0
      ],
      "rotation": [
        69.99999,
        69.99999,
        4.9925357E-6
      ],
      "scale": [
        0.18749997,
        0.1875,
        0.1875
      ],
      "translation": [
        6.077431,
        8.144527,
        4.147085
      ]
    },
    "thirdperson_righthand": {
      "right_rotation": [
        -0.0,
        0.0,
        -0.0
      ],
      "rotation": [
        69.99999,
        69.99999,
        4.9925357E-6
      ],
      "scale": [
        0.18749997,
        0.1875,
        0.1875
      ],
      "translation": [
        6.077431,
        8.144527,
        4.147085
      ]
    }
  },
  "flip_v": true,
  "loader": "forge:obj",
  "model": "immersiveengineering:models/block/metal_device/core_drill.obj"
}