{
  "parent": "immersiveengineering:item/shield.obj.ie",
  "display-trsr": {
    "none": {
      "translation": [
        0.0,
        0.0,
        0.0
      ],
      "rotation": [
        0.0,
        0.0,
        0.0,
        1.0
      ],
      "scale": [
        1.0,
        1.0,
        1.0
      ],
      "post-rotation": [
        0.0,
        0.0,
        0.0,
        1.0
      ]
    },
    "third_person_left_hand": {
      "translation": [
        1.5937494,
        0.375,
        0.75000286
      ],
      "rotation": [
        0.0,
        1.0,
        0.0,
        1.3267949E-6
      ],
      "scale": [
        1.0,
        1.0,
        1.0
      ],
      "post-rotation": [
        0.0,
        0.0,
        0.0,
        1.0
      ]
    },
    "third_person_right_hand": {
      "translation": [
        0.59375,
        0.375,
        0.75
      ],
      "rotation": [
        0.0,
        0.0,
        0.0,
        1.0
      ],
      "scale": [
        1.0,
        1.0,
        1.0
      ],
      "post-rotation": [
        0.0,
        0.0,
        0.0,
        1.0
      ]
    },
    "first_person_left_hand": {
      "translation": [
        0.46256244,
        0.12687343,
        -0.5
      ],
      "rotation": [
        -0.03534061,
        -0.7062231,
        -0.035340607,
        0.70622313
      ],
      "scale": [
        1.0,
        1.0,
        1.0
      ],
      "post-rotation": [
        0.0,
        0.0,
        0.0,
        1.0
      ]
    },
    "first_person_right_hand": {
      "translation": [
        0.4625625,
        0.12687346,
        0.49999994
      ],
      "rotation": [
        0.03534061,
        0.7062231,
        -0.035340607,
        0.70622313
      ],
      "scale": [
        1.0,
        1.0,
        1.0
      ],
      "post-rotation": [
        0.0,
        0.0,
        0.0,
        1.0
      ]
    },
    "head": {
      "translation": [
        0.0,
        0.0,
        0.0
      ],
      "rotation": [
        0.0,
        0.0,
        0.0,
        1.0
      ],
      "scale": [
        1.0,
        1.0,
        1.0
      ],
      "post-rotation": [
        0.0,
        0.0,
        0.0,
        1.0
      ]
    },
    "gui": {
      "translation": [
        0.6887778,
        0.6079789,
        0.46654946
      ],
      "rotation": [
        7.581823E-5,
        0.92387855,
        -3.1420102E-5,
        -0.3826856
      ],
      "scale": [
        0.74999785,
        0.6250017,
        0.75
      ],
      "post-rotation": [
        0.0,
        0.0,
        0.06836456,
        0.99766046
      ]
    },
    "ground": {
      "translation": [
        0.5,
        0.5,
        0.5
      ],
      "rotation": [
        0.0,
        0.0,
        0.0,
        1.0
      ],
      "scale": [
        0.25,
        0.25,
        0.25
      ],
      "post-rotation": [
        0.0,
        0.0,
        0.0,
        1.0
      ]
    },
    "fixed": {
      "translation": [
        0.49999946,
        0.5,
        0.59375
      ],
      "rotation": [
        0.0,
        0.70710456,
        0.0,
        0.707109
      ],
      "scale": [
        0.74999994,
        0.74999994,
        0.74999994
      ],
      "post-rotation": [
        0.0,
        0.0,
        0.0,
        1.0
      ]
    }
  }
}