{
  "loader": "immersiveengineering:ie_obj",
  "model": "immersiveengineering:models/item/shield.obj.ie",
  "callbacks": "immersiveengineering:shield",
  "transform": {
    "thirdperson_righthand": {
      "translation": [
        0.59375,
        0.375,
        0.75
      ],
      "rotation": [
        0.0,
        0.0,
        0.0,
        1.0
      ],
      "scale": [
        1.0,
        1.0,
        1.0
      ],
      "post-rotation": [
        0.0,
        0.0,
        0.0,
        1.0
      ],
      "origin": "corner"
    },
    "thirdperson_lefthand": {
      "translation": [
        0.59375066,
        0.375,
        -0.24999842
      ],
      "rotation": [
        0.0,
        1.0,
        0.0,
        1.3267949E-6
      ],
      "scale": [
        1.0,
        1.0,
        1.0
      ],
      "post-rotation": [
        0.0,
        0.0,
        0.0,
        1.0
      ],
      "origin": "corner"
    },
    "firstperson_righthand": {
      "translation": [
        0.5099813,
        0.074458815,
        -0.5
      ],
      "rotation": [
        0.03534061,
        0.70622313,
        -0.03534061,
        0.70622313
      ],
      "scale": [
        1.0,
        1.0,
        1.0
      ],
      "post-rotation": [
        0.0,
        0.0,
        0.0,
        1.0
      ],
      "origin": "corner"
    },
    "firstperson_lefthand": {
      "translation": [
        -0.4850229,
        0.17429222,
        -0.5
      ],
      "rotation": [
        -0.03534061,
        -0.70622313,
        -0.03534061,
        0.70622313
      ],
      "scale": [
        1.0,
        1.0,
        1.0
      ],
      "post-rotation": [
        0.0,
        0.0,
        0.0,
        1.0
      ],
      "origin": "corner"
    },
    "head": {
      "translation": [
        0.0,
        0.0,
        0.0
      ],
      "rotation": [
        0.0,
        0.0,
        0.0,
        1.0
      ],
      "scale": [
        1.0,
        1.0,
        1.0
      ],
      "post-rotation": [
        0.0,
        0.0,
        0.0,
        0.99830717
      ],
      "origin": "corner"
    },
    "gui": {
      "translation": [
        -0.375,
        0.375,
        0.0
      ],
      "rotation": [
        -0.001106526,
        0.923878,
        4.5833265E-4,
        -0.38268527
      ],
      "scale": [
        0.74999905,
        0.62500083,
        0.75
      ],
      "post-rotation": [
        0.0,
        0.0,
        -0.06683237,
        0.9977643
      ],
      "origin": "corner"
    },
    "ground": {
      "translation": [
        0.125,
        0.125,
        0.125
      ],
      "rotation": [
        0.0,
        0.0,
        0.0,
        1.0
      ],
      "scale": [
        0.25,
        0.25,
        0.25
      ],
      "post-rotation": [
        0.0,
        0.0,
        0.0,
        1.0
      ],
      "origin": "corner"
    },
    "fixed": {
      "translation": [
        0.3750018,
        0.375,
        -0.28124762
      ],
      "rotation": [
        0.0,
        0.7071045,
        0.0,
        0.707109
      ],
      "scale": [
        0.74999994,
        0.74999994,
        0.74999994
      ],
      "post-rotation": [
        0.0,
        0.0,
        0.0,
        1.0
      ],
      "origin": "corner"
    }
  }
}