{
  "loader": "immersiveengineering:ie_obj",
  "model": "immersiveengineering:models/item/shield.obj.ie",
  "flip-v": true,
  "transform": {
    "thirdperson_righthand": {
      "translation": [
        0.59375,
        0.375,
        0.75
      ],
      "rotation": [
        0.0,
        0.0,
        0.0,
        1.0
      ],
      "scale": [
        1.0,
        1.0,
        1.0
      ],
      "post-rotation": [
        0.0,
        0.0,
        0.0,
        0.99830717
      ],
      "origin": "corner"
    },
    "thirdperson_lefthand": {
      "translation": [
        0.59375066,
        0.375,
        -0.24999842
      ],
      "rotation": [
        0.0,
        1.0,
        0.0,
        1.3267949E-6
      ],
      "scale": [
        1.0,
        1.0,
        1.0
      ],
      "post-rotation": [
        0.0,
        0.0,
        0.0,
        0.99830717
      ],
      "origin": "corner"
    },
    "firstperson_righthand": {
      "translation": [
        0.5099813,
        0.074458815,
        -0.5
      ],
      "rotation": [
        0.03534061,
        0.7062231,
        -0.035340615,
        0.706223
      ],
      "scale": [
        1.0000001,
        1.0,
        1.0000001
      ],
      "post-rotation": [
        0.0,
        0.0,
        0.0,
        0.99830717
      ],
      "origin": "corner"
    },
    "firstperson_lefthand": {
      "translation": [
        -0.4850229,
        0.17429222,
        -0.5
      ],
      "rotation": [
        0.03534061,
        0.7062231,
        0.035340615,
        -0.706223
      ],
      "scale": [
        1.0000001,
        1.0,
        1.0000001
      ],
      "post-rotation": [
        0.0,
        0.0,
        0.0,
        0.99830717
      ],
      "origin": "corner"
    },
    "head": {
      "translation": [
        0.0,
        0.0,
        0.0
      ],
      "rotation": [
        0.0,
        0.0,
        0.0,
        1.0
      ],
      "scale": [
        1.0,
        1.0,
        1.0
      ],
      "post-rotation": [
        0.0,
        0.0,
        0.0,
        0.99830717
      ],
      "origin": "corner"
    },
    "gui": {
      "translation": [
        -0.375,
        0.375,
        0.0
      ],
      "rotation": [
        -1.01362246E-4,
        0.92387867,
        4.1978612E-5,
        -0.38268557
      ],
      "scale": [
        0.7499748,
        0.62498194,
        0.7500002
      ],
      "post-rotation": [
        0.0,
        0.0,
        0.06824914,
        0.99597573
      ],
      "origin": "corner"
    },
    "ground": {
      "translation": [
        0.125,
        0.125,
        0.125
      ],
      "rotation": [
        0.0,
        0.0,
        0.0,
        1.0
      ],
      "scale": [
        0.25,
        0.25,
        0.25
      ],
      "post-rotation": [
        0.0,
        0.0,
        0.0,
        0.99830717
      ],
      "origin": "corner"
    },
    "fixed": {
      "translation": [
        0.3750018,
        0.375,
        -0.28124762
      ],
      "rotation": [
        0.0,
        0.70710444,
        0.0,
        0.70710903
      ],
      "scale": [
        0.7499998,
        0.7499999,
        0.7499998
      ],
      "post-rotation": [
        0.0,
        0.0,
        0.0,
        0.99830717
      ],
      "origin": "corner"
    }
  }
}