{
  "loader": "immersiveengineering:ie_obj",
  "model": "immersiveengineering:models/item/shield.obj.ie",
  "flip-v": true,
  "transform": {
    "thirdperson_righthand": {
      "translation": [
        0.59375,
        0.375,
        0.75
      ],
      "rotation": [
        0.0,
        0.0,
        0.0,
        1.0
      ],
      "scale": [
        1.0,
        1.0,
        1.0
      ],
      "post-rotation": [
        0.0,
        0.0,
        0.0,
        1.0
      ]
    },
    "thirdperson_lefthand": {
      "translation": [
        0.59375066,
        0.375,
        -0.24999842
      ],
      "rotation": [
        0.0,
        1.0,
        0.0,
        1.3267949E-6
      ],
      "scale": [
        1.0,
        1.0,
        1.0
      ],
      "post-rotation": [
        0.0,
        0.0,
        0.0,
        1.0
      ]
    },
    "firstperson_righthand": {
      "translation": [
        0.5099813,
        0.074458815,
        -0.5
      ],
      "rotation": [
        0.035340607,
        0.7062231,
        -0.035340607,
        0.7062231
      ],
      "scale": [
        1.0,
        1.0,
        1.0
      ],
      "post-rotation": [
        0.0,
        0.0,
        0.0,
        1.0
      ]
    },
    "firstperson_lefthand": {
      "translation": [
        -0.4850229,
        0.17429222,
        -0.5
      ],
      "rotation": [
        -0.035340607,
        -0.7062231,
        -0.035340607,
        0.7062231
      ],
      "scale": [
        1.0,
        1.0,
        1.0
      ],
      "post-rotation": [
        0.0,
        0.0,
        0.0,
        1.0
      ]
    },
    "head": {
      "translation": [
        0.0,
        0.0,
        0.0
      ],
      "rotation": [
        0.0,
        0.0,
        0.0,
        1.0
      ],
      "scale": [
        1.0,
        1.0,
        1.0
      ],
      "post-rotation": [
        0.0,
        0.0,
        0.0,
        1.0
      ]
    },
    "gui": {
      "translation": [
        -0.375,
        0.375,
        0.0
      ],
      "rotation": [
        -0.0011065259,
        0.92387795,
        4.5833262E-4,
        -0.38268524
      ],
      "scale": [
        0.74999905,
        0.62500083,
        0.75
      ],
      "post-rotation": [
        0.0,
        0.0,
        -0.06683236,
        0.9977642
      ]
    },
    "ground": {
      "translation": [
        0.125,
        0.125,
        0.125
      ],
      "rotation": [
        0.0,
        0.0,
        0.0,
        1.0
      ],
      "scale": [
        0.25,
        0.25,
        0.25
      ],
      "post-rotation": [
        0.0,
        0.0,
        0.0,
        1.0
      ]
    },
    "fixed": {
      "translation": [
        0.3750018,
        0.375,
        -0.28124762
      ],
      "rotation": [
        0.0,
        0.70710456,
        0.0,
        0.70710903
      ],
      "scale": [
        0.74999994,
        0.74999994,
        0.74999994
      ],
      "post-rotation": [
        0.0,
        0.0,
        0.0,
        1.0
      ]
    }
  }
}