{
  "loader": "immersiveengineering:ie_obj",
  "model": "immersiveengineering:models/item/shield.obj.ie",
  "flip-v": true,
  "transform": {
    "thirdperson_righthand": {
      "translation": [
        0.59375,
        0.375,
        0.75
      ],
      "rotation": [
        0.0,
        0.0,
        0.0,
        1.0
      ],
      "scale": [
        1.0,
        1.0,
        1.0
      ],
      "post-rotation": [
        0.0,
        0.0,
        0.0,
        0.99830717
      ]
    },
    "thirdperson_lefthand": {
      "translation": [
        -0.406248,
        0.375,
        -1.2499998
      ],
      "rotation": [
        0.0,
        1.0,
        0.0,
        1.3267949E-6
      ],
      "scale": [
        1.0,
        1.0,
        1.0
      ],
      "post-rotation": [
        0.0,
        0.0,
        0.0,
        0.99830717
      ]
    },
    "firstperson_righthand": {
      "translation": [
        0.55740005,
        0.022044182,
        -1.5000001
      ],
      "rotation": [
        0.03534061,
        0.7062231,
        -0.035340615,
        0.706223
      ],
      "scale": [
        1.0000001,
        1.0,
        1.0000001
      ],
      "post-rotation": [
        0.0,
        0.0,
        0.0,
        0.99830717
      ]
    },
    "firstperson_lefthand": {
      "translation": [
        -1.4326084,
        0.22171104,
        -0.5
      ],
      "rotation": [
        0.03534061,
        0.7062231,
        0.035340615,
        -0.706223
      ],
      "scale": [
        1.0000001,
        1.0,
        1.0000001
      ],
      "post-rotation": [
        0.0,
        0.0,
        0.0,
        0.99830717
      ]
    },
    "head": {
      "translation": [
        0.0,
        0.0,
        0.0
      ],
      "rotation": [
        0.0,
        0.0,
        0.0,
        1.0
      ],
      "scale": [
        1.0,
        1.0,
        1.0
      ],
      "post-rotation": [
        0.0,
        0.0,
        0.0,
        0.99830717
      ]
    },
    "gui": {
      "translation": [
        -1.4387779,
        0.14202112,
        -0.46654946
      ],
      "rotation": [
        -1.01362246E-4,
        0.92387867,
        4.1978612E-5,
        -0.38268557
      ],
      "scale": [
        0.7499748,
        0.62498194,
        0.7500002
      ],
      "post-rotation": [
        0.0,
        0.0,
        0.06824914,
        0.99597573
      ]
    },
    "ground": {
      "translation": [
        -0.25,
        -0.25,
        -0.25
      ],
      "rotation": [
        0.0,
        0.0,
        0.0,
        1.0
      ],
      "scale": [
        0.25,
        0.25,
        0.25
      ],
      "post-rotation": [
        0.0,
        0.0,
        0.0,
        0.99830717
      ]
    },
    "fixed": {
      "translation": [
        0.25000414,
        0.24999997,
        -1.1562451
      ],
      "rotation": [
        0.0,
        0.70710444,
        0.0,
        0.70710903
      ],
      "scale": [
        0.7499998,
        0.7499999,
        0.7499998
      ],
      "post-rotation": [
        0.0,
        0.0,
        0.0,
        0.99830717
      ]
    }
  }
}