{
  "callbacks": "immersiveengineering:shield",
  "display": {
    "firstperson_lefthand": {
      "origin": "corner",
      "right_rotation": [
        0.0,
        0.0,
        0.0
      ],
      "rotation": [
        0.0,
        -0.099999994,
        3.1415927
      ],
      "scale": [
        1.0,
        1.0,
        1.0
      ],
      "translation": [
        -0.4850229,
        0.17429222,
        -0.5
      ]
    },
    "firstperson_righthand": {
      "origin": "corner",
      "right_rotation": [
        0.0,
        0.0,
        0.0
      ],
      "rotation": [
        0.0,
        0.099999994,
        3.1415927
      ],
      "scale": [
        1.0,
        1.0,
        1.0
      ],
      "translation": [
        0.5099813,
        0.074458815,
        -0.5
      ]
    },
    "fixed": {
      "origin": "corner",
      "right_rotation": [
        0.0,
        0.0,
        0.0
      ],
      "rotation": [
        0.0,
        0.0,
        0.0
      ],
      "scale": [
        0.74999994,
        0.74999994,
        0.74999994
      ],
      "translation": [
        0.3750018,
        0.375,
        -0.28124762
      ]
    },
    "ground": {
      "origin": "corner",
      "right_rotation": [
        0.0,
        0.0,
        0.0
      ],
      "rotation": [
        0.0,
        0.0,
        0.0
      ],
      "scale": [
        0.25,
        0.25,
        0.25
      ],
      "translation": [
        0.125,
        0.125,
        0.125
      ]
    },
    "gui": {
      "origin": "corner",
      "right_rotation": [
        0.0,
        0.0,
        -0.13376443
      ],
      "rotation": [
        3.1391973,
        1.5483236E-8,
        -3.138205
      ],
      "scale": [
        0.74999905,
        0.62500083,
        0.75
      ],
      "translation": [
        -0.375,
        0.375,
        0.0
      ]
    },
    "thirdperson_lefthand": {
      "origin": "corner",
      "right_rotation": [
        0.0,
        0.0,
        0.0
      ],
      "rotation": [
        3.1415927,
        0.0,
        3.1415927
      ],
      "scale": [
        1.0,
        1.0,
        1.0
      ],
      "translation": [
        0.59375066,
        0.375,
        -0.24999842
      ]
    },
    "thirdperson_righthand": {
      "origin": "corner",
      "right_rotation": [
        0.0,
        0.0,
        0.0
      ],
      "rotation": [
        0.0,
        0.0,
        0.0
      ],
      "scale": [
        1.0,
        1.0,
        1.0
      ],
      "translation": [
        0.59375,
        0.375,
        0.75
      ]
    }
  },
  "loader": "immersiveengineering:ie_obj",
  "model": "immersiveengineering:models/item/shield.obj.ie"
}