{
  "display": {
    "firstperson_lefthand": {
      "rotation": [
        19.999998,
        -44.999996,
        0.0
      ],
      "scale": [
        0.125,
        0.125,
        0.125
      ],
      "translation": [
        0.0,
        -4.0,
        0.0
      ]
    },
    "firstperson_righthand": {
      "rotation": [
        19.999998,
        -44.999996,
        0.0
      ],
      "scale": [
        0.125,
        0.125,
        0.125
      ],
      "translation": [
        0.0,
        -4.0,
        0.0
      ]
    },
    "fixed": {
      "rotation": [
        19.999998,
        -44.999996,
        0.0
      ],
      "scale": [
        0.125,
        0.125,
        0.125
      ],
      "translation": [
        0.0,
        -4.0,
        0.0
      ]
    },
    "ground": {
      "rotation": [
        19.999998,
        -44.999996,
        0.0
      ],
      "scale": [
        0.125,
        0.125,
        0.125
      ],
      "translation": [
        0.0,
        -4.0,
        0.0
      ]
    },
    "gui": {
      "rotation": [
        19.999998,
        -44.999996,
        0.0
      ],
      "scale": [
        0.125,
        0.125,
        0.125
      ],
      "translation": [
        0.0,
        -4.0,
        0.0
      ]
    },
    "head": {
      "rotation": [
        19.999998,
        -44.999996,
        0.0
      ],
      "scale": [
        0.125,
        0.125,
        0.125
      ],
      "translation": [
        0.0,
        -4.0,
        0.0
      ]
    },
    "none": {
      "rotation": [
        19.999998,
        -44.999996,
        0.0
      ],
      "scale": [
        0.125,
        0.125,
        0.125
      ],
      "translation": [
        0.0,
        -4.0,
        0.0
      ]
    },
    "thirdperson_lefthand": {
      "rotation": [
        19.999998,
        -44.999996,
        0.0
      ],
      "scale": [
        0.125,
        0.125,
        0.125
      ],
      "translation": [
        0.0,
        -4.0,
        0.0
      ]
    },
    "thirdperson_righthand": {
      "rotation": [
        19.999998,
        -44.999996,
        0.0
      ],
      "scale": [
        0.125,
        0.125,
        0.125
      ],
      "translation": [
        0.0,
        -4.0,
        0.0
      ]
    }
  },
  "flip_v": true,
  "loader": "forge:obj",
  "model": "immersiveengineering:models/block/metal_multiblock/silo.obj"
}