{
  "display": {
    "firstperson_lefthand": {
      "right_rotation": [
        -0.0,
        0.0,
        -0.0
      ],
      "rotation": [
        19.999996,
        -44.999996,
        -6.0370908E-6
      ],
      "scale": [
        0.124999985,
        0.125,
        0.124999985
      ],
      "translation": [
        8.0,
        3.5439968,
        6.329054
      ]
    },
    "firstperson_righthand": {
      "right_rotation": [
        -0.0,
        0.0,
        -0.0
      ],
      "rotation": [
        19.999996,
        -44.999996,
        -6.0370908E-6
      ],
      "scale": [
        0.124999985,
        0.125,
        0.124999985
      ],
      "translation": [
        8.0,
        3.5439968,
        6.329054
      ]
    },
    "fixed": {
      "right_rotation": [
        -0.0,
        0.0,
        -0.0
      ],
      "rotation": [
        19.999996,
        -44.999996,
        -6.0370908E-6
      ],
      "scale": [
        0.124999985,
        0.125,
        0.124999985
      ],
      "translation": [
        8.0,
        3.5439968,
        6.329054
      ]
    },
    "ground": {
      "right_rotation": [
        -0.0,
        0.0,
        -0.0
      ],
      "rotation": [
        19.999996,
        -44.999996,
        -6.0370908E-6
      ],
      "scale": [
        0.124999985,
        0.125,
        0.124999985
      ],
      "translation": [
        8.0,
        3.5439968,
        6.329054
      ]
    },
    "gui": {
      "right_rotation": [
        -0.0,
        0.0,
        -0.0
      ],
      "rotation": [
        19.999996,
        -44.999996,
        -6.0370908E-6
      ],
      "scale": [
        0.124999985,
        0.125,
        0.124999985
      ],
      "translation": [
        8.0,
        3.5439968,
        6.329054
      ]
    },
    "head": {
      "right_rotation": [
        -0.0,
        0.0,
        -0.0
      ],
      "rotation": [
        19.999996,
        -44.999996,
        -6.0370908E-6
      ],
      "scale": [
        0.124999985,
        0.125,
        0.124999985
      ],
      "translation": [
        8.0,
        3.5439968,
        6.329054
      ]
    },
    "none": {
      "right_rotation": [
        -0.0,
        0.0,
        -0.0
      ],
      "rotation": [
        19.999996,
        -44.999996,
        -6.0370908E-6
      ],
      "scale": [
        0.124999985,
        0.125,
        0.124999985
      ],
      "translation": [
        8.0,
        3.5439968,
        6.329054
      ]
    },
    "thirdperson_lefthand": {
      "right_rotation": [
        -0.0,
        0.0,
        -0.0
      ],
      "rotation": [
        19.999996,
        -44.999996,
        -6.0370908E-6
      ],
      "scale": [
        0.124999985,
        0.125,
        0.124999985
      ],
      "translation": [
        8.0,
        3.5439968,
        6.329054
      ]
    },
    "thirdperson_righthand": {
      "right_rotation": [
        -0.0,
        0.0,
        -0.0
      ],
      "rotation": [
        19.999996,
        -44.999996,
        -6.0370908E-6
      ],
      "scale": [
        0.124999985,
        0.125,
        0.124999985
      ],
      "translation": [
        8.0,
        3.5439968,
        6.329054
      ]
    }
  },
  "flip_v": true,
  "loader": "forge:obj",
  "model": "immersiveengineering:models/block/metal_multiblock/silo.obj"
}