{
  "loader": "forge:obj",
  "model": "immersiveengineering:models/block/metal_multiblock/silo.obj",
  "flip-v": true,
  "transform": {
    "thirdperson_righthand": {
      "translation": [
        0.0,
        -0.25,
        0.0
      ],
      "rotation": [
        0.16043,
        -0.37686956,
        -0.0664523,
        0.9098436
      ],
      "scale": [
        0.12499999,
        0.125,
        0.12499999
      ],
      "post-rotation": [
        0.0,
        0.0,
        0.0,
        0.99830717
      ],
      "origin": "corner"
    },
    "thirdperson_lefthand": {
      "translation": [
        0.0,
        -0.25,
        0.0
      ],
      "rotation": [
        0.16043,
        -0.37686956,
        -0.0664523,
        0.9098436
      ],
      "scale": [
        0.12499999,
        0.125,
        0.12499999
      ],
      "post-rotation": [
        0.0,
        0.0,
        0.0,
        0.99830717
      ],
      "origin": "corner"
    },
    "firstperson_righthand": {
      "translation": [
        0.0,
        -0.25,
        0.0
      ],
      "rotation": [
        0.16043,
        -0.37686956,
        -0.0664523,
        0.9098436
      ],
      "scale": [
        0.12499999,
        0.125,
        0.12499999
      ],
      "post-rotation": [
        0.0,
        0.0,
        0.0,
        0.99830717
      ],
      "origin": "corner"
    },
    "firstperson_lefthand": {
      "translation": [
        0.0,
        -0.25,
        0.0
      ],
      "rotation": [
        0.16043,
        -0.37686956,
        -0.0664523,
        0.9098436
      ],
      "scale": [
        0.12499999,
        0.125,
        0.12499999
      ],
      "post-rotation": [
        0.0,
        0.0,
        0.0,
        0.99830717
      ],
      "origin": "corner"
    },
    "head": {
      "translation": [
        0.0,
        -0.25,
        0.0
      ],
      "rotation": [
        0.16043,
        -0.37686956,
        -0.0664523,
        0.9098436
      ],
      "scale": [
        0.12499999,
        0.125,
        0.12499999
      ],
      "post-rotation": [
        0.0,
        0.0,
        0.0,
        0.99830717
      ],
      "origin": "corner"
    },
    "gui": {
      "translation": [
        0.0,
        -0.25,
        0.0
      ],
      "rotation": [
        0.16043,
        -0.37686956,
        -0.0664523,
        0.9098436
      ],
      "scale": [
        0.12499999,
        0.125,
        0.12499999
      ],
      "post-rotation": [
        0.0,
        0.0,
        0.0,
        0.99830717
      ],
      "origin": "corner"
    },
    "ground": {
      "translation": [
        0.0,
        -0.25,
        0.0
      ],
      "rotation": [
        0.16043,
        -0.37686956,
        -0.0664523,
        0.9098436
      ],
      "scale": [
        0.12499999,
        0.125,
        0.12499999
      ],
      "post-rotation": [
        0.0,
        0.0,
        0.0,
        0.99830717
      ],
      "origin": "corner"
    },
    "fixed": {
      "translation": [
        0.0,
        -0.25,
        0.0
      ],
      "rotation": [
        0.16043,
        -0.37686956,
        -0.0664523,
        0.9098436
      ],
      "scale": [
        0.12499999,
        0.125,
        0.12499999
      ],
      "post-rotation": [
        0.0,
        0.0,
        0.0,
        0.99830717
      ],
      "origin": "corner"
    }
  }
}