{
  "display": {
    "firstperson_lefthand": {
      "right_rotation": [
        -0.0,
        0.0,
        -0.0
      ],
      "scale": [
        0.125,
        0.125,
        0.125
      ],
      "translation": [
        7.0,
        7.0,
        7.0
      ]
    },
    "firstperson_righthand": {
      "right_rotation": [
        -0.0,
        0.0,
        -0.0
      ],
      "scale": [
        0.125,
        0.125,
        0.125
      ],
      "translation": [
        7.0,
        7.0,
        7.0
      ]
    },
    "fixed": {
      "right_rotation": [
        -0.0,
        0.0,
        -0.0
      ],
      "rotation": [
        0.0,
        90.0,
        0.0
      ],
      "scale": [
        0.18749997,
        0.18749996,
        0.18749996
      ],
      "translation": [
        6.5,
        2.4999998,
        9.5
      ]
    },
    "ground": {
      "right_rotation": [
        -0.0,
        0.0,
        -0.0
      ],
      "scale": [
        0.125,
        0.125,
        0.125
      ],
      "translation": [
        7.0,
        7.0,
        7.0
      ]
    },
    "gui": {
      "right_rotation": [
        -0.0,
        0.0,
        -0.0
      ],
      "rotation": [
        19.999994,
        44.999977,
        1.8111268E-6
      ],
      "scale": [
        0.34375006,
        0.234375,
        0.34375003
      ],
      "translation": [
        6.1109114,
        0.23807657,
        5.3587127
      ]
    },
    "head": {
      "right_rotation": [
        -0.0,
        0.0,
        -0.0
      ],
      "scale": [
        0.125,
        0.125,
        0.125
      ],
      "translation": [
        7.0,
        7.0,
        7.0
      ]
    },
    "thirdperson_lefthand": {
      "right_rotation": [
        -0.0,
        0.0,
        -0.0
      ],
      "rotation": [
        70.0,
        0.0,
        0.0
      ],
      "scale": [
        0.125,
        0.12500001,
        0.12500001
      ],
      "translation": [
        7.0,
        10.597672,
        3.9682877
      ]
    },
    "thirdperson_righthand": {
      "right_rotation": [
        -0.0,
        0.0,
        -0.0
      ],
      "rotation": [
        70.0,
        0.0,
        0.0
      ],
      "scale": [
        0.125,
        0.12500001,
        0.12500001
      ],
      "translation": [
        7.0,
        10.597672,
        3.9682877
      ]
    }
  },
  "flip_v": true,
  "loader": "forge:obj",
  "model": "immersiveengineering:models/block/wooden_device/wooden_post_inv.obj",
  "textures": {
    "post": "immersiveengineering:block/metal_decoration/steel_post"
  }
}