{
  "display": {
    "firstperson_lefthand": {
      "scale": [
        0.125,
        0.125,
        0.125
      ]
    },
    "firstperson_righthand": {
      "scale": [
        0.125,
        0.125,
        0.125
      ]
    },
    "fixed": {
      "rotation": [
        0.0,
        90.0,
        0.0
      ],
      "scale": [
        0.18749997,
        0.1875,
        0.18749997
      ],
      "translation": [
        0.0,
        -4.0,
        4.7683716E-7
      ]
    },
    "ground": {
      "scale": [
        0.125,
        0.125,
        0.125
      ]
    },
    "gui": {
      "rotation": [
        19.999998,
        44.99999,
        6.640799E-6
      ],
      "scale": [
        0.34375,
        0.23437501,
        0.34375
      ],
      "translation": [
        2.0000002,
        -6.0,
        -1.9999992
      ]
    },
    "head": {
      "scale": [
        0.125,
        0.125,
        0.125
      ]
    },
    "thirdperson_lefthand": {
      "rotation": [
        70.00001,
        0.0,
        0.0
      ],
      "scale": [
        0.125,
        0.12500001,
        0.12500001
      ],
      "translation": [
        0.0,
        1.9999999,
        -2.7499995
      ]
    },
    "thirdperson_righthand": {
      "rotation": [
        70.00001,
        0.0,
        0.0
      ],
      "scale": [
        0.125,
        0.12500001,
        0.12500001
      ],
      "translation": [
        0.0,
        1.9999999,
        -2.7499995
      ]
    }
  },
  "flip_v": true,
  "loader": "forge:obj",
  "model": "immersiveengineering:models/block/wooden_device/wooden_post_inv.obj",
  "textures": {
    "post": "immersiveengineering:block/metal_decoration/steel_post"
  }
}