{
  "parent": "immersiveengineering:block/stripcurtain",
  "transform": {
    "thirdperson_righthand": {
      "translation": [
        0.0,
        0.25,
        0.5
      ],
      "rotation": [
        0.5624222,
        0.30360317,
        0.2329629,
        0.73296285
      ],
      "scale": [
        0.375,
        0.375,
        0.375
      ],
      "post-rotation": [
        0.0,
        0.0,
        0.0,
        1.0
      ]
    },
    "thirdperson_lefthand": {
      "translation": [
        -0.25,
        0.5,
        0.5
      ],
      "rotation": [
        -0.2329629,
        0.73296285,
        0.5624222,
        -0.30360317
      ],
      "scale": [
        0.375,
        0.375,
        0.375
      ],
      "post-rotation": [
        0.0,
        0.0,
        0.0,
        1.0
      ]
    },
    "firstperson_righthand": {
      "translation": [
        0.0,
        0.375,
        0.25
      ],
      "rotation": [
        0.0,
        0.38268343,
        0.0,
        0.9238795
      ],
      "scale": [
        0.4,
        0.4,
        0.4
      ],
      "post-rotation": [
        0.0,
        0.0,
        0.0,
        1.0
      ]
    },
    "firstperson_lefthand": {
      "translation": [
        0.0,
        0.25,
        -0.25
      ],
      "rotation": [
        0.0,
        0.9238795,
        0.0,
        -0.38268343
      ],
      "scale": [
        0.4,
        0.4,
        0.4
      ],
      "post-rotation": [
        0.0,
        0.0,
        0.0,
        1.0
      ]
    },
    "head": {
      "translation": [
        0.0,
        0.0,
        0.0
      ],
      "rotation": [
        0.0,
        0.0,
        0.0,
        1.0
      ],
      "scale": [
        1.0,
        1.0,
        1.0
      ],
      "post-rotation": [
        0.0,
        0.0,
        0.0,
        1.0
      ]
    },
    "gui": {
      "translation": [
        0.25,
        0.5625,
        0.0
      ],
      "rotation": [
        0.09904576,
        0.8923991,
        0.23911761,
        0.3696438
      ],
      "scale": [
        0.625,
        0.625,
        0.625
      ],
      "post-rotation": [
        0.0,
        0.0,
        0.0,
        1.0
      ]
    },
    "ground": {
      "translation": [
        0.0,
        0.125,
        0.125
      ],
      "rotation": [
        0.0,
        0.0,
        0.0,
        1.0
      ],
      "scale": [
        0.25,
        0.25,
        0.25
      ],
      "post-rotation": [
        0.0,
        0.0,
        0.0,
        1.0
      ]
    },
    "fixed": {
      "translation": [
        0.0,
        0.0,
        0.0
      ],
      "rotation": [
        0.0,
        0.0,
        0.0,
        1.0
      ],
      "scale": [
        0.5,
        0.5,
        0.5
      ],
      "post-rotation": [
        0.0,
        0.0,
        0.0,
        1.0
      ]
    }
  }
}