{
  "parent": "immersiveengineering:block/stripcurtain",
  "transform": {
    "thirdperson_righthand": {
      "translation": [
        0.0,
        0.25,
        0.5
      ],
      "rotation": [
        0.5624222,
        0.3036032,
        0.23296292,
        0.73296285
      ],
      "scale": [
        0.375,
        0.375,
        0.375
      ],
      "post-rotation": [
        0.0,
        0.0,
        0.0,
        1.0
      ],
      "origin": "corner"
    },
    "thirdperson_lefthand": {
      "translation": [
        -0.25,
        0.5,
        0.5
      ],
      "rotation": [
        -0.23296289,
        0.7329629,
        0.5624222,
        -0.30360314
      ],
      "scale": [
        0.375,
        0.375,
        0.375
      ],
      "post-rotation": [
        0.0,
        0.0,
        0.0,
        1.0
      ],
      "origin": "corner"
    },
    "firstperson_righthand": {
      "translation": [
        0.0,
        0.375,
        0.25
      ],
      "rotation": [
        0.0,
        0.38268346,
        0.0,
        0.9238795
      ],
      "scale": [
        0.4,
        0.4,
        0.4
      ],
      "post-rotation": [
        0.0,
        0.0,
        0.0,
        1.0
      ],
      "origin": "corner"
    },
    "firstperson_lefthand": {
      "translation": [
        0.0,
        0.25,
        -0.25
      ],
      "rotation": [
        0.0,
        0.92387956,
        0.0,
        -0.3826834
      ],
      "scale": [
        0.4,
        0.4,
        0.4
      ],
      "post-rotation": [
        0.0,
        0.0,
        0.0,
        1.0
      ],
      "origin": "corner"
    },
    "head": {
      "translation": [
        0.0,
        0.0,
        0.0
      ],
      "rotation": [
        0.0,
        0.0,
        0.0,
        1.0
      ],
      "scale": [
        1.0,
        1.0,
        1.0
      ],
      "post-rotation": [
        0.0,
        0.0,
        0.0,
        0.99830717
      ],
      "origin": "corner"
    },
    "gui": {
      "translation": [
        0.25,
        0.5625,
        0.0
      ],
      "rotation": [
        0.09904576,
        0.8923991,
        0.23911761,
        0.3696438
      ],
      "scale": [
        0.625,
        0.625,
        0.625
      ],
      "post-rotation": [
        0.0,
        0.0,
        0.0,
        1.0
      ],
      "origin": "corner"
    },
    "ground": {
      "translation": [
        0.0,
        0.125,
        0.125
      ],
      "rotation": [
        0.0,
        0.0,
        0.0,
        1.0
      ],
      "scale": [
        0.25,
        0.25,
        0.25
      ],
      "post-rotation": [
        0.0,
        0.0,
        0.0,
        1.0
      ],
      "origin": "corner"
    },
    "fixed": {
      "translation": [
        0.0,
        0.0,
        0.0
      ],
      "rotation": [
        0.0,
        0.0,
        0.0,
        1.0
      ],
      "scale": [
        0.5,
        0.5,
        0.5
      ],
      "post-rotation": [
        0.0,
        0.0,
        0.0,
        1.0
      ],
      "origin": "corner"
    }
  }
}