{
  "parent": "immersiveengineering:block/stripcurtain",
  "display-trsr": {
    "none": {
      "translation": [
        0.0,
        0.0,
        0.0
      ],
      "rotation": [
        0.0,
        0.0,
        0.0,
        1.0
      ],
      "scale": [
        1.0,
        1.0,
        1.0
      ],
      "post-rotation": [
        0.0,
        0.0,
        0.0,
        1.0
      ]
    },
    "third_person_left_hand": {
      "translation": [
        0.515165,
        0.95147145,
        0.8188889
      ],
      "rotation": [
        -0.2329629,
        0.73296285,
        0.56242216,
        -0.30360314
      ],
      "scale": [
        0.3749999,
        0.37499994,
        0.3749999
      ],
      "post-rotation": [
        0.0,
        0.0,
        0.0,
        1.0
      ]
    },
    "third_person_right_hand": {
      "translation": [
        0.23483497,
        0.70147145,
        0.8188889
      ],
      "rotation": [
        0.5624222,
        0.30360314,
        0.23296289,
        0.7329629
      ],
      "scale": [
        0.375,
        0.37499997,
        0.37499997
      ],
      "post-rotation": [
        0.0,
        0.0,
        0.0,
        1.0
      ]
    },
    "first_person_left_hand": {
      "translation": [
        0.7828427,
        0.55,
        0.24999999
      ],
      "rotation": [
        0.0,
        0.9238795,
        0.0,
        -0.38268346
      ],
      "scale": [
        0.4,
        0.4,
        0.4
      ],
      "post-rotation": [
        0.0,
        0.0,
        0.0,
        1.0
      ]
    },
    "first_person_right_hand": {
      "translation": [
        0.21715727,
        0.675,
        0.75
      ],
      "rotation": [
        0.0,
        0.38268343,
        0.0,
        0.9238795
      ],
      "scale": [
        0.39999998,
        0.4,
        0.39999998
      ],
      "post-rotation": [
        0.0,
        0.0,
        0.0,
        1.0
      ]
    },
    "head": {
      "translation": [
        0.0,
        0.0,
        0.0
      ],
      "rotation": [
        0.0,
        0.0,
        0.0,
        1.0
      ],
      "scale": [
        1.0,
        1.0,
        1.0
      ],
      "post-rotation": [
        0.0,
        0.0,
        0.0,
        1.0
      ]
    },
    "gui": {
      "translation": [
        0.75,
        0.5708962,
        0.72648275
      ],
      "rotation": [
        0.09904577,
        0.8923991,
        0.23911762,
        0.36964384
      ],
      "scale": [
        0.62499994,
        0.62500006,
        0.62499994
      ],
      "post-rotation": [
        0.0,
        0.0,
        0.0,
        1.0
      ]
    },
    "ground": {
      "translation": [
        0.375,
        3.375,
        0.375
      ],
      "rotation": [
        0.0,
        0.0,
        0.0,
        1.0
      ],
      "scale": [
        0.25,
        0.25,
        0.25
      ],
      "post-rotation": [
        0.0,
        0.0,
        0.0,
        1.0
      ]
    },
    "fixed": {
      "translation": [
        0.25,
        0.25,
        0.25
      ],
      "rotation": [
        0.0,
        0.0,
        0.0,
        1.0
      ],
      "scale": [
        0.5,
        0.5,
        0.5
      ],
      "post-rotation": [
        0.0,
        0.0,
        0.0,
        1.0
      ]
    }
  }
}