{
  "parent": "immersiveengineering:block/stripcurtain",
  "display": {
    "firstperson_lefthand": {
      "rotation": [
        -180.0,
        -44.999992,
        -180.0
      ],
      "scale": [
        0.4,
        0.4,
        0.4
      ],
      "translation": [
        0.0,
        4.0,
        -4.0
      ]
    },
    "firstperson_righthand": {
      "rotation": [
        0.0,
        45.000004,
        0.0
      ],
      "scale": [
        0.4,
        0.4,
        0.4
      ],
      "translation": [
        0.0,
        6.0,
        4.0
      ]
    },
    "fixed": {
      "scale": [
        0.5,
        0.5,
        0.5
      ]
    },
    "ground": {
      "scale": [
        0.25,
        0.25,
        0.25
      ],
      "translation": [
        0.0,
        2.0,
        2.0
      ]
    },
    "gui": {
      "rotation": [
        -149.99998,
        44.999992,
        180.0
      ],
      "scale": [
        0.625,
        0.625,
        0.625
      ],
      "translation": [
        4.0,
        9.0,
        0.0
      ]
    },
    "thirdperson_lefthand": {
      "rotation": [
        -104.999985,
        -44.999992,
        180.0
      ],
      "scale": [
        0.375,
        0.375,
        0.375
      ],
      "translation": [
        -4.0,
        8.0,
        8.0
      ]
    },
    "thirdperson_righthand": {
      "rotation": [
        74.99999,
        45.000004,
        -2.4148367E-6
      ],
      "scale": [
        0.375,
        0.375,
        0.375
      ],
      "translation": [
        0.0,
        4.0,
        8.0
      ]
    }
  }
}