{
  "parent": "immersiveengineering:block/stripcurtain",
  "display": {
    "firstperson_lefthand": {
      "right_rotation": [
        0.0,
        0.0,
        180.0
      ],
      "rotation": [
        180.0,
        -44.99999,
        -0.0
      ],
      "scale": [
        0.4,
        0.4,
        0.4
      ],
      "translation": [
        0.0,
        4.0,
        -4.0
      ]
    },
    "firstperson_righthand": {
      "right_rotation": [
        0.0,
        0.0,
        180.0
      ],
      "rotation": [
        0.0,
        45.000004,
        180.0
      ],
      "scale": [
        0.4,
        0.4,
        0.4
      ],
      "translation": [
        0.0,
        6.0,
        4.0
      ]
    },
    "fixed": {
      "right_rotation": [
        0.0,
        0.0,
        180.0
      ],
      "rotation": [
        0.0,
        0.0,
        180.0
      ],
      "scale": [
        0.5,
        0.5,
        0.5
      ]
    },
    "ground": {
      "right_rotation": [
        0.0,
        0.0,
        180.0
      ],
      "rotation": [
        0.0,
        0.0,
        180.0
      ],
      "scale": [
        0.25,
        0.25,
        0.25
      ],
      "translation": [
        0.0,
        2.0,
        2.0
      ]
    },
    "gui": {
      "right_rotation": [
        0.0,
        0.0,
        180.0
      ],
      "rotation": [
        180.0,
        45.000004,
        -29.999996
      ],
      "scale": [
        0.625,
        0.625,
        0.625
      ],
      "translation": [
        4.0,
        9.0,
        0.0
      ]
    },
    "thirdperson_lefthand": {
      "right_rotation": [
        0.0,
        0.0,
        180.0
      ],
      "rotation": [
        -179.99998,
        -44.99999,
        -74.99999
      ],
      "scale": [
        0.375,
        0.375,
        0.375
      ],
      "translation": [
        -4.0,
        8.0,
        8.0
      ]
    },
    "thirdperson_righthand": {
      "right_rotation": [
        0.0,
        0.0,
        180.0
      ],
      "rotation": [
        0.0,
        45.000004,
        104.999985
      ],
      "scale": [
        0.375,
        0.375,
        0.375
      ],
      "translation": [
        0.0,
        4.0,
        8.0
      ]
    }
  }
}