{
  "parent": "immersiveengineering:block/metal_multiblock/tank.obj",
  "display-trsr": {
    "none": {
      "translation": [
        0.5,
        0.2072497,
        0.3433488
      ],
      "rotation": [
        0.16042995,
        -0.37686953,
        -0.06645229,
        0.90984374
      ],
      "scale": [
        0.18749997,
        0.18750001,
        0.18749999
      ],
      "post-rotation": [
        0.0,
        0.0,
        0.0,
        1.0
      ]
    },
    "third_person_left_hand": {
      "translation": [
        0.5,
        0.2072497,
        0.3433488
      ],
      "rotation": [
        0.16042995,
        -0.37686953,
        -0.06645229,
        0.90984374
      ],
      "scale": [
        0.18749997,
        0.18750001,
        0.18749999
      ],
      "post-rotation": [
        0.0,
        0.0,
        0.0,
        1.0
      ]
    },
    "third_person_right_hand": {
      "translation": [
        0.5,
        0.2072497,
        0.3433488
      ],
      "rotation": [
        0.16042995,
        -0.37686953,
        -0.06645229,
        0.90984374
      ],
      "scale": [
        0.18749997,
        0.18750001,
        0.18749999
      ],
      "post-rotation": [
        0.0,
        0.0,
        0.0,
        1.0
      ]
    },
    "first_person_left_hand": {
      "translation": [
        0.5,
        0.2072497,
        0.3433488
      ],
      "rotation": [
        0.16042995,
        -0.37686953,
        -0.06645229,
        0.90984374
      ],
      "scale": [
        0.18749997,
        0.18750001,
        0.18749999
      ],
      "post-rotation": [
        0.0,
        0.0,
        0.0,
        1.0
      ]
    },
    "first_person_right_hand": {
      "translation": [
        0.5,
        0.2072497,
        0.3433488
      ],
      "rotation": [
        0.16042995,
        -0.37686953,
        -0.06645229,
        0.90984374
      ],
      "scale": [
        0.18749997,
        0.18750001,
        0.18749999
      ],
      "post-rotation": [
        0.0,
        0.0,
        0.0,
        1.0
      ]
    },
    "head": {
      "translation": [
        0.5,
        0.2072497,
        0.3433488
      ],
      "rotation": [
        0.16042995,
        -0.37686953,
        -0.06645229,
        0.90984374
      ],
      "scale": [
        0.18749997,
        0.18750001,
        0.18749999
      ],
      "post-rotation": [
        0.0,
        0.0,
        0.0,
        1.0
      ]
    },
    "gui": {
      "translation": [
        0.5,
        0.2072497,
        0.3433488
      ],
      "rotation": [
        0.16042995,
        -0.37686953,
        -0.06645229,
        0.90984374
      ],
      "scale": [
        0.18749997,
        0.18750001,
        0.18749999
      ],
      "post-rotation": [
        0.0,
        0.0,
        0.0,
        1.0
      ]
    },
    "ground": {
      "translation": [
        0.5,
        0.2072497,
        0.3433488
      ],
      "rotation": [
        0.16042995,
        -0.37686953,
        -0.06645229,
        0.90984374
      ],
      "scale": [
        0.18749997,
        0.18750001,
        0.18749999
      ],
      "post-rotation": [
        0.0,
        0.0,
        0.0,
        1.0
      ]
    },
    "fixed": {
      "translation": [
        0.5,
        0.2072497,
        0.3433488
      ],
      "rotation": [
        0.16042995,
        -0.37686953,
        -0.06645229,
        0.90984374
      ],
      "scale": [
        0.18749997,
        0.18750001,
        0.18749999
      ],
      "post-rotation": [
        0.0,
        0.0,
        0.0,
        1.0
      ]
    }
  }
}