{
  "display": {
    "firstperson_lefthand": {
      "origin": "corner",
      "right_rotation": [
        0.0,
        0.0,
        0.0
      ],
      "rotation": [
        -4.712389,
        1.5707964,
        0.0
      ],
      "scale": [
        0.28125,
        0.28124997,
        0.28124997
      ],
      "translation": [
        0.0,
        0.0,
        0.0
      ]
    },
    "firstperson_righthand": {
      "origin": "corner",
      "right_rotation": [
        0.0,
        0.0,
        0.0
      ],
      "rotation": [
        -4.712389,
        1.5707964,
        0.0
      ],
      "scale": [
        0.28125,
        0.28124997,
        0.28124997
      ],
      "translation": [
        0.0,
        0.0,
        0.0
      ]
    },
    "fixed": {
      "origin": "corner",
      "right_rotation": [
        0.0,
        0.0,
        0.0
      ],
      "rotation": [
        1.5707963,
        1.5707964,
        0.0
      ],
      "scale": [
        0.5625,
        0.56249994,
        0.56249994
      ],
      "translation": [
        0.0,
        -0.25,
        0.0
      ]
    },
    "ground": {
      "origin": "corner",
      "right_rotation": [
        0.0,
        0.0,
        0.0
      ],
      "rotation": [
        1.5707964,
        1.5707964,
        0.0
      ],
      "scale": [
        0.28125,
        0.28125,
        0.28125
      ],
      "translation": [
        0.0,
        0.0,
        0.0
      ]
    },
    "gui": {
      "origin": "corner",
      "right_rotation": [
        0.0,
        0.0,
        0.0
      ],
      "rotation": [
        -2.2555156,
        1.0471975,
        2.677945
      ],
      "scale": [
        0.42187497,
        0.42187494,
        0.42187494
      ],
      "translation": [
        0.0,
        -0.15625,
        0.0
      ]
    },
    "head": {
      "origin": "corner",
      "right_rotation": [
        0.0,
        0.0,
        0.0
      ],
      "rotation": [
        1.5707964,
        1.5707964,
        0.0
      ],
      "scale": [
        0.28125,
        0.28125,
        0.28125
      ],
      "translation": [
        0.0,
        0.0,
        0.0
      ]
    },
    "none": {
      "origin": "corner",
      "right_rotation": [
        0.0,
        0.0,
        0.0
      ],
      "rotation": [
        1.5707964,
        1.5707964,
        0.0
      ],
      "scale": [
        0.28125,
        0.28125,
        0.28125
      ],
      "translation": [
        0.0,
        0.0,
        0.0
      ]
    },
    "thirdperson_lefthand": {
      "origin": "corner",
      "right_rotation": [
        0.0,
        0.0,
        0.0
      ],
      "rotation": [
        3.0177445,
        0.3490658,
        1.2012608
      ],
      "scale": [
        0.28125,
        0.28125,
        0.28125
      ],
      "translation": [
        0.0,
        0.09375,
        -0.171875
      ]
    },
    "thirdperson_righthand": {
      "origin": "corner",
      "right_rotation": [
        0.0,
        0.0,
        0.0
      ],
      "rotation": [
        3.0177445,
        0.3490658,
        1.2012608
      ],
      "scale": [
        0.28125,
        0.28125,
        0.28125
      ],
      "translation": [
        0.0,
        0.09375,
        -0.171875
      ]
    }
  },
  "flip_v": true,
  "loader": "forge:obj",
  "model": "immersiveengineering:models/block/metal_device/teslacoil.obj"
}