{
  "display": {
    "firstperson_lefthand": {
      "right_rotation": [
        0.0,
        0.0,
        180.0
      ],
      "rotation": [
        -180.0,
        0.0,
        89.99999
      ],
      "scale": [
        0.28124997,
        0.28124997,
        0.28124997
      ]
    },
    "firstperson_righthand": {
      "right_rotation": [
        0.0,
        0.0,
        180.0
      ],
      "rotation": [
        -180.0,
        0.0,
        89.99999
      ],
      "scale": [
        0.28124997,
        0.28124997,
        0.28124997
      ]
    },
    "fixed": {
      "right_rotation": [
        0.0,
        0.0,
        180.0
      ],
      "rotation": [
        0.0,
        0.0,
        89.99999
      ],
      "scale": [
        0.56249994,
        0.56249994,
        0.56249994
      ],
      "translation": [
        0.0,
        -4.0,
        0.0
      ]
    },
    "ground": {
      "right_rotation": [
        0.0,
        0.0,
        180.0
      ],
      "rotation": [
        0.0,
        0.0,
        89.99999
      ],
      "scale": [
        0.28125,
        0.28125,
        0.28125
      ]
    },
    "gui": {
      "right_rotation": [
        0.0,
        0.0,
        180.0
      ],
      "rotation": [
        135.0,
        -3.4150944E-6,
        60.0
      ],
      "scale": [
        0.42187503,
        0.421875,
        0.4218749
      ],
      "translation": [
        0.0,
        -2.5,
        0.0
      ]
    },
    "head": {
      "right_rotation": [
        0.0,
        0.0,
        180.0
      ],
      "rotation": [
        0.0,
        0.0,
        89.99999
      ],
      "scale": [
        0.28125,
        0.28125,
        0.28125
      ]
    },
    "none": {
      "right_rotation": [
        0.0,
        0.0,
        180.0
      ],
      "rotation": [
        0.0,
        0.0,
        89.99999
      ],
      "scale": [
        0.28125,
        0.28125,
        0.28125
      ]
    },
    "thirdperson_lefthand": {
      "right_rotation": [
        0.0,
        0.0,
        180.0
      ],
      "rotation": [
        69.99999,
        2.5613208E-6,
        19.999992
      ],
      "scale": [
        0.28124997,
        0.28124997,
        0.28124997
      ],
      "translation": [
        0.0,
        1.5,
        -2.75
      ]
    },
    "thirdperson_righthand": {
      "right_rotation": [
        0.0,
        0.0,
        180.0
      ],
      "rotation": [
        69.99999,
        2.5613208E-6,
        19.999992
      ],
      "scale": [
        0.28124997,
        0.28124997,
        0.28124997
      ],
      "translation": [
        0.0,
        1.5,
        -2.75
      ]
    }
  },
  "flip_v": true,
  "loader": "forge:obj",
  "model": "immersiveengineering:models/block/metal_device/teslacoil.obj"
}