{
  "display": {
    "firstperson_lefthand": {
      "right_rotation": [
        -0.0,
        0.0,
        -0.0
      ],
      "rotation": [
        89.999985,
        0.0,
        180.0
      ],
      "scale": [
        0.28124994,
        0.28124994,
        0.2812499
      ],
      "translation": [
        10.25,
        10.25,
        10.25
      ]
    },
    "firstperson_righthand": {
      "right_rotation": [
        -0.0,
        0.0,
        -0.0
      ],
      "rotation": [
        89.999985,
        0.0,
        180.0
      ],
      "scale": [
        0.28124994,
        0.28124994,
        0.2812499
      ],
      "translation": [
        10.25,
        10.25,
        10.25
      ]
    },
    "fixed": {
      "right_rotation": [
        -0.0,
        0.0,
        -0.0
      ],
      "rotation": [
        89.999985,
        0.0,
        0.0
      ],
      "scale": [
        0.5624999,
        0.5624999,
        0.5624998
      ],
      "translation": [
        3.5,
        8.5,
        3.5
      ]
    },
    "ground": {
      "right_rotation": [
        -0.0,
        0.0,
        -0.0
      ],
      "rotation": [
        89.999985,
        0.0,
        0.0
      ],
      "scale": [
        0.28124994,
        0.28124994,
        0.2812499
      ],
      "translation": [
        5.75,
        10.25,
        5.75
      ]
    },
    "gui": {
      "right_rotation": [
        -0.0,
        0.0,
        -0.0
      ],
      "rotation": [
        120.0,
        -5.1226416E-6,
        -135.0
      ],
      "scale": [
        0.42187494,
        0.42187494,
        0.42187488
      ],
      "translation": [
        7.999999,
        6.0363503,
        13.821014
      ]
    },
    "head": {
      "right_rotation": [
        -0.0,
        0.0,
        -0.0
      ],
      "rotation": [
        89.999985,
        0.0,
        0.0
      ],
      "scale": [
        0.28124994,
        0.28124994,
        0.2812499
      ],
      "translation": [
        5.75,
        10.25,
        5.75
      ]
    },
    "none": {
      "right_rotation": [
        -0.0,
        0.0,
        -0.0
      ],
      "rotation": [
        89.999985,
        0.0,
        0.0
      ],
      "scale": [
        0.28124994,
        0.28124994,
        0.2812499
      ],
      "translation": [
        5.75,
        10.25,
        5.75
      ]
    },
    "thirdperson_lefthand": {
      "right_rotation": [
        -0.0,
        0.0,
        -0.0
      ],
      "rotation": [
        160.0,
        1.7075472E-6,
        -70.0
      ],
      "scale": [
        0.2812499,
        0.28125,
        0.28124994
      ],
      "translation": [
        5.1161466,
        9.005881,
        7.8242445
      ]
    },
    "thirdperson_righthand": {
      "right_rotation": [
        -0.0,
        0.0,
        -0.0
      ],
      "rotation": [
        160.0,
        1.7075472E-6,
        -70.0
      ],
      "scale": [
        0.2812499,
        0.28125,
        0.28124994
      ],
      "translation": [
        5.1161466,
        9.005881,
        7.8242445
      ]
    }
  },
  "flip_v": true,
  "loader": "forge:obj",
  "model": "immersiveengineering:models/block/metal_device/teslacoil.obj"
}