{
  "parent": "immersiveengineering:block/metal_device/teslacoil.obj",
  "display-trsr": {
    "none": {
      "translation": [
        0.359375,
        0.640625,
        0.359375
      ],
      "rotation": [
        0.70710677,
        0.0,
        0.0,
        0.7071068
      ],
      "scale": [
        0.28125,
        0.28124997,
        0.28124997
      ],
      "post-rotation": [
        0.0,
        0.0,
        0.0,
        1.0
      ]
    },
    "third_person_left_hand": {
      "translation": [
        0.31975913,
        0.5628675,
        0.48901528
      ],
      "rotation": [
        0.80670726,
        0.5648626,
        -0.09960049,
        0.14224425
      ],
      "scale": [
        0.28125,
        0.28125,
        0.28125
      ],
      "post-rotation": [
        0.0,
        0.0,
        0.0,
        1.0
      ]
    },
    "third_person_right_hand": {
      "translation": [
        0.31975913,
        0.5628675,
        0.48901528
      ],
      "rotation": [
        0.80670726,
        0.5648626,
        -0.09960049,
        0.14224425
      ],
      "scale": [
        0.28125,
        0.28125,
        0.28125
      ],
      "post-rotation": [
        0.0,
        0.0,
        0.0,
        1.0
      ]
    },
    "first_person_left_hand": {
      "translation": [
        0.640625,
        0.640625,
        0.640625
      ],
      "rotation": [
        4.3297803E-17,
        0.7071068,
        -0.70710677,
        4.3297806E-17
      ],
      "scale": [
        0.28125,
        0.28124997,
        0.28124997
      ],
      "post-rotation": [
        0.0,
        0.0,
        0.0,
        1.0
      ]
    },
    "first_person_right_hand": {
      "translation": [
        0.640625,
        0.640625,
        0.640625
      ],
      "rotation": [
        4.3297803E-17,
        0.7071068,
        -0.70710677,
        4.3297806E-17
      ],
      "scale": [
        0.28125,
        0.28124997,
        0.28124997
      ],
      "post-rotation": [
        0.0,
        0.0,
        0.0,
        1.0
      ]
    },
    "head": {
      "translation": [
        0.359375,
        0.640625,
        0.359375
      ],
      "rotation": [
        0.70710677,
        0.0,
        0.0,
        0.7071068
      ],
      "scale": [
        0.28125,
        0.28124997,
        0.28124997
      ],
      "post-rotation": [
        0.0,
        0.0,
        0.0,
        1.0
      ]
    },
    "gui": {
      "translation": [
        0.5,
        0.3772719,
        0.8638133
      ],
      "rotation": [
        0.3314136,
        0.8001032,
        -0.46193975,
        0.1913417
      ],
      "scale": [
        0.42187497,
        0.42187494,
        0.42187494
      ],
      "post-rotation": [
        0.0,
        0.0,
        0.0,
        1.0
      ]
    },
    "ground": {
      "translation": [
        0.359375,
        0.640625,
        0.359375
      ],
      "rotation": [
        0.70710677,
        0.0,
        0.0,
        0.7071068
      ],
      "scale": [
        0.28125,
        0.28124997,
        0.28124997
      ],
      "post-rotation": [
        0.0,
        0.0,
        0.0,
        1.0
      ]
    },
    "fixed": {
      "translation": [
        0.21875,
        0.53124994,
        0.21875
      ],
      "rotation": [
        0.70710677,
        0.0,
        0.0,
        0.7071068
      ],
      "scale": [
        0.5625,
        0.56249994,
        0.56249994
      ],
      "post-rotation": [
        0.0,
        0.0,
        0.0,
        1.0
      ]
    }
  }
}