{
  "loader": "forge:obj",
  "model": "immersiveengineering:models/block/metal_device/teslacoil.obj",
  "flip-v": true,
  "transform": {
    "thirdperson_righthand": {
      "translation": [
        0.0,
        0.09375,
        -0.171875
      ],
      "rotation": [
        0.80670726,
        0.5648626,
        -0.09960049,
        0.14224425
      ],
      "scale": [
        0.28125,
        0.28125,
        0.28125
      ],
      "post-rotation": [
        0.0,
        0.0,
        0.0,
        0.99830717
      ],
      "origin": "corner"
    },
    "thirdperson_lefthand": {
      "translation": [
        0.0,
        0.09375,
        -0.171875
      ],
      "rotation": [
        0.80670726,
        0.5648626,
        -0.09960049,
        0.14224425
      ],
      "scale": [
        0.28125,
        0.28125,
        0.28125
      ],
      "post-rotation": [
        0.0,
        0.0,
        0.0,
        0.99830717
      ],
      "origin": "corner"
    },
    "firstperson_righthand": {
      "translation": [
        0.0,
        0.0,
        0.0
      ],
      "rotation": [
        -3.090862E-8,
        0.7071068,
        -0.70710677,
        -3.0908623E-8
      ],
      "scale": [
        0.28125,
        0.28124997,
        0.28124997
      ],
      "post-rotation": [
        0.0,
        0.0,
        0.0,
        0.99830717
      ],
      "origin": "corner"
    },
    "firstperson_lefthand": {
      "translation": [
        0.0,
        0.0,
        0.0
      ],
      "rotation": [
        -3.090862E-8,
        0.7071068,
        -0.70710677,
        -3.0908623E-8
      ],
      "scale": [
        0.28125,
        0.28124997,
        0.28124997
      ],
      "post-rotation": [
        0.0,
        0.0,
        0.0,
        0.99830717
      ],
      "origin": "corner"
    },
    "head": {
      "translation": [
        0.0,
        0.0,
        0.0
      ],
      "rotation": [
        0.70710677,
        0.0,
        0.0,
        0.70710677
      ],
      "scale": [
        0.28125,
        0.28125,
        0.28125
      ],
      "post-rotation": [
        0.0,
        0.0,
        0.0,
        1.0
      ],
      "origin": "corner"
    },
    "gui": {
      "translation": [
        0.0,
        -0.15625,
        0.0
      ],
      "rotation": [
        0.3314136,
        0.8001032,
        -0.46193975,
        0.1913417
      ],
      "scale": [
        0.42187497,
        0.42187494,
        0.42187494
      ],
      "post-rotation": [
        0.0,
        0.0,
        0.0,
        0.99830717
      ],
      "origin": "corner"
    },
    "ground": {
      "translation": [
        0.0,
        0.0,
        0.0
      ],
      "rotation": [
        0.70710677,
        0.0,
        0.0,
        0.70710677
      ],
      "scale": [
        0.28125,
        0.28125,
        0.28125
      ],
      "post-rotation": [
        0.0,
        0.0,
        0.0,
        1.0
      ],
      "origin": "corner"
    },
    "fixed": {
      "translation": [
        0.0,
        -0.25,
        0.0
      ],
      "rotation": [
        0.70710677,
        0.0,
        0.0,
        0.7071068
      ],
      "scale": [
        0.5625,
        0.56249994,
        0.56249994
      ],
      "post-rotation": [
        0.0,
        0.0,
        0.0,
        0.99830717
      ],
      "origin": "corner"
    }
  }
}