{
  "display": {
    "firstperson_lefthand": {
      "rotation": [
        90.00001,
        -4.0711098E-13,
        179.99998
      ],
      "scale": [
        0.28125,
        0.28124997,
        0.28124997
      ]
    },
    "firstperson_righthand": {
      "rotation": [
        90.00001,
        -4.0711098E-13,
        179.99998
      ],
      "scale": [
        0.28125,
        0.28124997,
        0.28124997
      ]
    },
    "fixed": {
      "rotation": [
        89.99999,
        0.0,
        0.0
      ],
      "scale": [
        0.5625,
        0.56249994,
        0.56249994
      ],
      "translation": [
        0.0,
        -4.0,
        0.0
      ]
    },
    "ground": {
      "rotation": [
        89.99999,
        0.0,
        0.0
      ],
      "scale": [
        0.28125,
        0.28125,
        0.28125
      ]
    },
    "gui": {
      "rotation": [
        120.0,
        -1.7075472E-6,
        -135.0
      ],
      "scale": [
        0.42187497,
        0.42187494,
        0.42187494
      ],
      "translation": [
        0.0,
        -2.5,
        0.0
      ]
    },
    "head": {
      "rotation": [
        89.99999,
        0.0,
        0.0
      ],
      "scale": [
        0.28125,
        0.28125,
        0.28125
      ]
    },
    "none": {
      "rotation": [
        89.99999,
        0.0,
        0.0
      ],
      "scale": [
        0.28125,
        0.28125,
        0.28125
      ]
    },
    "thirdperson_lefthand": {
      "rotation": [
        160.0,
        1.7075472E-6,
        -70.00001
      ],
      "scale": [
        0.28125,
        0.28125,
        0.28125
      ],
      "translation": [
        0.0,
        1.5,
        -2.75
      ]
    },
    "thirdperson_righthand": {
      "rotation": [
        160.0,
        1.7075472E-6,
        -70.00001
      ],
      "scale": [
        0.28125,
        0.28125,
        0.28125
      ],
      "translation": [
        0.0,
        1.5,
        -2.75
      ]
    }
  },
  "flip_v": true,
  "loader": "forge:obj",
  "model": "immersiveengineering:models/block/metal_device/teslacoil.obj"
}