{
  "loader": "forge:obj",
  "model": "immersiveengineering:models/block/metal_device/teslacoil.obj",
  "flip-v": true,
  "transform": {
    "thirdperson_righthand": {
      "translation": [
        0.14085639,
        0.045574278,
        -0.3042367
      ],
      "rotation": [
        0.80670726,
        0.5648626,
        -0.09960049,
        0.14224425
      ],
      "scale": [
        0.28125,
        0.28125,
        0.28125
      ],
      "post-rotation": [
        0.0,
        0.0,
        0.0,
        0.99830717
      ]
    },
    "thirdperson_lefthand": {
      "translation": [
        0.14085639,
        0.045574278,
        -0.3042367
      ],
      "rotation": [
        0.80670726,
        0.5648626,
        -0.09960049,
        0.14224425
      ],
      "scale": [
        0.28125,
        0.28125,
        0.28125
      ],
      "post-rotation": [
        0.0,
        0.0,
        0.0,
        0.99830717
      ]
    },
    "firstperson_righthand": {
      "translation": [
        -1.0,
        0.0,
        -1.0
      ],
      "rotation": [
        -3.090862E-8,
        0.7071068,
        -0.70710677,
        -3.0908623E-8
      ],
      "scale": [
        0.28125,
        0.28124997,
        0.28124997
      ],
      "post-rotation": [
        0.0,
        0.0,
        0.0,
        0.99830717
      ]
    },
    "firstperson_lefthand": {
      "translation": [
        -1.0,
        0.0,
        -1.0
      ],
      "rotation": [
        -3.090862E-8,
        0.7071068,
        -0.70710677,
        -3.0908623E-8
      ],
      "scale": [
        0.28125,
        0.28124997,
        0.28124997
      ],
      "post-rotation": [
        0.0,
        0.0,
        0.0,
        0.99830717
      ]
    },
    "head": {
      "translation": [
        0.0,
        0.0,
        0.0
      ],
      "rotation": [
        0.70710677,
        0.0,
        0.0,
        0.70710677
      ],
      "scale": [
        0.28125,
        0.28125,
        0.28125
      ],
      "post-rotation": [
        0.0,
        0.0,
        0.0,
        1.0
      ]
    },
    "gui": {
      "translation": [
        -0.5,
        0.52359915,
        -1.0435586
      ],
      "rotation": [
        0.3314136,
        0.8001032,
        -0.46193975,
        0.1913417
      ],
      "scale": [
        0.42187497,
        0.42187494,
        0.42187494
      ],
      "post-rotation": [
        0.0,
        0.0,
        0.0,
        0.99830717
      ]
    },
    "ground": {
      "translation": [
        0.0,
        0.0,
        0.0
      ],
      "rotation": [
        0.70710677,
        0.0,
        0.0,
        0.70710677
      ],
      "scale": [
        0.28125,
        0.28125,
        0.28125
      ],
      "post-rotation": [
        0.0,
        0.0,
        0.0,
        1.0
      ]
    },
    "fixed": {
      "translation": [
        0.5,
        0.25,
        0.5
      ],
      "rotation": [
        0.70710677,
        0.0,
        0.0,
        0.7071068
      ],
      "scale": [
        0.5625,
        0.56249994,
        0.56249994
      ],
      "post-rotation": [
        0.0,
        0.0,
        0.0,
        0.99830717
      ]
    }
  }
}