{
  "flip_v": true,
  "loader": "forge:obj",
  "model": "immersiveengineering:models/item/toolbox.obj",
  "transform": {
    "firstperson_lefthand": {
      "origin": "corner",
      "post-rotation": [
        0.0,
        0.0,
        0.0,
        1.0
      ],
      "rotation": [
        0.0,
        0.38268346,
        0.0,
        0.9238796
      ],
      "scale": [
        0.37500003,
        0.375,
        0.37500003
      ],
      "translation": [
        -0.046875,
        0.46875,
        0.3515625
      ]
    },
    "firstperson_righthand": {
      "origin": "corner",
      "post-rotation": [
        0.0,
        0.0,
        0.0,
        1.0
      ],
      "rotation": [
        0.0,
        0.9238796,
        0.0,
        -0.38268346
      ],
      "scale": [
        0.37500003,
        0.375,
        0.37500003
      ],
      "translation": [
        -0.28125,
        0.46875,
        0.1171875
      ]
    },
    "fixed": {
      "origin": "corner",
      "post-rotation": [
        0.0,
        0.0,
        0.0,
        1.0
      ],
      "rotation": [
        0.0,
        0.7071068,
        0.0,
        0.7071068
      ],
      "scale": [
        1.0,
        1.0,
        1.0
      ],
      "translation": [
        0.5,
        0.875,
        -0.5
      ]
    },
    "ground": {
      "origin": "corner",
      "post-rotation": [
        0.0,
        0.0,
        0.0,
        1.0
      ],
      "rotation": [
        0.0,
        0.0,
        0.0,
        1.0
      ],
      "scale": [
        0.5,
        0.5,
        0.5
      ],
      "translation": [
        0.25,
        0.5,
        0.25
      ]
    },
    "gui": {
      "origin": "corner",
      "post-rotation": [
        0.0,
        0.0,
        0.0,
        1.0
      ],
      "rotation": [
        0.0,
        0.88192123,
        0.0,
        -0.4713967
      ],
      "scale": [
        0.875,
        0.875,
        0.875
      ],
      "translation": [
        -0.625,
        0.75,
        0.0
      ]
    },
    "head": {
      "origin": "corner",
      "post-rotation": [
        0.0,
        0.0,
        0.0,
        0.99830717
      ],
      "rotation": [
        0.0,
        0.0,
        0.0,
        1.0
      ],
      "scale": [
        1.0,
        1.0,
        1.0
      ],
      "translation": [
        0.0,
        0.0,
        0.0
      ]
    },
    "none": {
      "origin": "corner",
      "post-rotation": [
        0.0,
        0.0,
        0.0,
        0.99830717
      ],
      "rotation": [
        0.0,
        0.0,
        0.0,
        1.0
      ],
      "scale": [
        1.0,
        1.0,
        1.0
      ],
      "translation": [
        0.0,
        0.0,
        0.0
      ]
    },
    "thirdperson_lefthand": {
      "origin": "corner",
      "post-rotation": [
        0.0,
        0.0,
        0.0,
        1.0
      ],
      "rotation": [
        0.7071068,
        0.0,
        0.0,
        0.7071068
      ],
      "scale": [
        0.62500006,
        0.62500006,
        0.62500006
      ],
      "translation": [
        -0.25,
        -0.4375,
        0.3125
      ]
    },
    "thirdperson_righthand": {
      "origin": "corner",
      "post-rotation": [
        0.0,
        0.0,
        0.0,
        1.0
      ],
      "rotation": [
        -4.3297803E-17,
        0.7071068,
        0.7071068,
        4.3297803E-17
      ],
      "scale": [
        0.62500006,
        0.62500006,
        0.62500006
      ],
      "translation": [
        -0.25,
        0.1875,
        0.3125
      ]
    }
  }
}