{
  "loader": "forge:obj",
  "model": "immersiveengineering:models/item/toolbox.obj",
  "flip-v": true,
  "transform": {
    "thirdperson_righthand": {
      "translation": [
        -0.25,
        0.1875,
        0.3125
      ],
      "rotation": [
        -4.32978E-17,
        0.70710677,
        0.70710677,
        4.32978E-17
      ],
      "scale": [
        0.62500006,
        0.62500006,
        0.62500006
      ],
      "post-rotation": [
        0.0,
        0.0,
        0.0,
        1.0
      ]
    },
    "thirdperson_lefthand": {
      "translation": [
        -0.25,
        -0.4375,
        0.3125
      ],
      "rotation": [
        0.70710677,
        0.0,
        0.0,
        0.70710677
      ],
      "scale": [
        0.62500006,
        0.62500006,
        0.62500006
      ],
      "post-rotation": [
        0.0,
        0.0,
        0.0,
        1.0
      ]
    },
    "firstperson_righthand": {
      "translation": [
        -0.28125,
        0.46875,
        0.1171875
      ],
      "rotation": [
        0.0,
        0.92387956,
        0.0,
        -0.38268343
      ],
      "scale": [
        0.37500003,
        0.375,
        0.37500003
      ],
      "post-rotation": [
        0.0,
        0.0,
        0.0,
        1.0
      ]
    },
    "firstperson_lefthand": {
      "translation": [
        -0.046875,
        0.46875,
        0.3515625
      ],
      "rotation": [
        0.0,
        0.38268343,
        0.0,
        0.92387956
      ],
      "scale": [
        0.37500003,
        0.375,
        0.37500003
      ],
      "post-rotation": [
        0.0,
        0.0,
        0.0,
        1.0
      ]
    },
    "head": {
      "translation": [
        0.0,
        0.0,
        0.0
      ],
      "rotation": [
        0.0,
        0.0,
        0.0,
        1.0
      ],
      "scale": [
        1.0,
        1.0,
        1.0
      ],
      "post-rotation": [
        0.0,
        0.0,
        0.0,
        1.0
      ]
    },
    "gui": {
      "translation": [
        -0.625,
        0.75,
        0.0
      ],
      "rotation": [
        0.0,
        0.88192123,
        0.0,
        -0.4713967
      ],
      "scale": [
        0.875,
        0.875,
        0.875
      ],
      "post-rotation": [
        0.0,
        0.0,
        0.0,
        1.0
      ]
    },
    "ground": {
      "translation": [
        0.25,
        0.5,
        0.25
      ],
      "rotation": [
        0.0,
        0.0,
        0.0,
        1.0
      ],
      "scale": [
        0.5,
        0.5,
        0.5
      ],
      "post-rotation": [
        0.0,
        0.0,
        0.0,
        1.0
      ]
    },
    "fixed": {
      "translation": [
        0.5,
        0.875,
        -0.5
      ],
      "rotation": [
        0.0,
        0.70710677,
        0.0,
        0.70710677
      ],
      "scale": [
        1.0,
        1.0,
        1.0
      ],
      "post-rotation": [
        0.0,
        0.0,
        0.0,
        1.0
      ]
    }
  }
}