{
  "display": {
    "firstperson_lefthand": {
      "origin": "corner",
      "right_rotation": [
        0.0,
        0.0,
        0.0
      ],
      "rotation": [
        0.0,
        0.0,
        0.0
      ],
      "scale": [
        0.37500003,
        0.375,
        0.37500003
      ],
      "translation": [
        -0.046875,
        0.46875,
        0.3515625
      ]
    },
    "firstperson_righthand": {
      "origin": "corner",
      "right_rotation": [
        0.0,
        0.0,
        0.0
      ],
      "rotation": [
        3.1415927,
        -0.0,
        3.1415927
      ],
      "scale": [
        0.37500003,
        0.375,
        0.37500003
      ],
      "translation": [
        -0.28125,
        0.46875,
        0.1171875
      ]
    },
    "fixed": {
      "origin": "corner",
      "right_rotation": [
        0.0,
        0.0,
        0.0
      ],
      "rotation": [
        0.0,
        0.0,
        0.0
      ],
      "scale": [
        1.0,
        1.0,
        1.0
      ],
      "translation": [
        0.5,
        0.875,
        -0.5
      ]
    },
    "ground": {
      "origin": "corner",
      "right_rotation": [
        0.0,
        0.0,
        0.0
      ],
      "rotation": [
        0.0,
        0.0,
        0.0
      ],
      "scale": [
        0.5,
        0.5,
        0.5
      ],
      "translation": [
        0.25,
        0.5,
        0.25
      ]
    },
    "gui": {
      "origin": "corner",
      "right_rotation": [
        0.0,
        0.0,
        0.0
      ],
      "rotation": [
        3.1415927,
        -0.0,
        3.1415927
      ],
      "scale": [
        0.875,
        0.875,
        0.875
      ],
      "translation": [
        -0.625,
        0.75,
        0.0
      ]
    },
    "thirdperson_lefthand": {
      "origin": "corner",
      "right_rotation": [
        0.0,
        0.0,
        0.0
      ],
      "rotation": [
        1.5707964,
        1.5707964,
        0.0
      ],
      "scale": [
        0.62500006,
        0.62500006,
        0.62500006
      ],
      "translation": [
        -0.25,
        -0.4375,
        0.3125
      ]
    },
    "thirdperson_righthand": {
      "origin": "corner",
      "right_rotation": [
        0.0,
        0.0,
        0.0
      ],
      "rotation": [
        -1.5707964,
        -1.5707964,
        0.0
      ],
      "scale": [
        0.62500006,
        0.62500006,
        0.62500006
      ],
      "translation": [
        -0.25,
        0.1875,
        0.3125
      ]
    }
  },
  "flip_v": true,
  "loader": "forge:obj",
  "model": "immersiveengineering:models/item/toolbox.obj"
}