{
  "display": {
    "firstperson_lefthand": {
      "rotation": [
        0.0,
        45.000004,
        0.0
      ],
      "scale": [
        0.37500003,
        0.375,
        0.37500003
      ],
      "translation": [
        -0.75,
        7.5,
        5.625
      ]
    },
    "firstperson_righthand": {
      "rotation": [
        -180.0,
        -45.000004,
        -180.0
      ],
      "scale": [
        0.37500003,
        0.375,
        0.37500003
      ],
      "translation": [
        -4.5,
        7.5,
        1.875
      ]
    },
    "fixed": {
      "rotation": [
        180.0,
        90.0,
        180.0
      ],
      "translation": [
        8.0,
        14.0,
        -8.0
      ]
    },
    "ground": {
      "scale": [
        0.5,
        0.5,
        0.5
      ],
      "translation": [
        4.0,
        8.0,
        4.0
      ]
    },
    "gui": {
      "rotation": [
        -180.0,
        -56.24999,
        -180.0
      ],
      "scale": [
        0.875,
        0.875,
        0.875
      ],
      "translation": [
        -10.0,
        12.0,
        0.0
      ]
    },
    "thirdperson_lefthand": {
      "rotation": [
        90.00001,
        0.0,
        0.0
      ],
      "scale": [
        0.62500006,
        0.62500006,
        0.62500006
      ],
      "translation": [
        -4.0,
        -7.0,
        5.0
      ]
    },
    "thirdperson_righthand": {
      "rotation": [
        -90.00001,
        0.0,
        180.0
      ],
      "scale": [
        0.62500006,
        0.62500006,
        0.62500006
      ],
      "translation": [
        -4.0,
        3.0,
        5.0
      ]
    }
  },
  "flip_v": true,
  "loader": "forge:obj",
  "model": "immersiveengineering:models/item/toolbox.obj"
}