{
  "parent": "immersiveengineering:item/toolbox.obj",
  "display-trsr": {
    "none": {
      "translation": [
        0.0,
        0.0,
        0.0
      ],
      "rotation": [
        0.0,
        0.0,
        0.0,
        1.0
      ],
      "scale": [
        1.0,
        1.0,
        1.0
      ],
      "post-rotation": [
        0.0,
        0.0,
        0.0,
        1.0
      ]
    },
    "third_person_left_hand": {
      "translation": [
        -0.06250003,
        0.37499997,
        0.49999997
      ],
      "rotation": [
        0.7071068,
        0.0,
        0.0,
        0.7071069
      ],
      "scale": [
        0.62500006,
        0.625,
        0.625
      ],
      "post-rotation": [
        0.0,
        0.0,
        0.0,
        1.0
      ]
    },
    "third_person_right_hand": {
      "translation": [
        0.5625,
        0.37499997,
        0.49999997
      ],
      "rotation": [
        -4.3297803E-17,
        0.7071069,
        0.7071068,
        4.3297806E-17
      ],
      "scale": [
        0.62500006,
        0.62500006,
        0.62500006
      ],
      "post-rotation": [
        0.0,
        0.0,
        0.0,
        1.0
      ]
    },
    "first_person_left_hand": {
      "translation": [
        0.18795991,
        0.78125,
        0.8515625
      ],
      "rotation": [
        0.0,
        0.38268343,
        0.0,
        0.9238796
      ],
      "scale": [
        0.3750001,
        0.375,
        0.3750001
      ],
      "post-rotation": [
        0.0,
        0.0,
        0.0,
        1.0
      ]
    },
    "first_person_right_hand": {
      "translation": [
        0.4839151,
        0.78125,
        0.6171875
      ],
      "rotation": [
        0.0,
        0.9238796,
        0.0,
        -0.3826834
      ],
      "scale": [
        0.37500006,
        0.375,
        0.37500006
      ],
      "post-rotation": [
        0.0,
        0.0,
        0.0,
        1.0
      ]
    },
    "head": {
      "translation": [
        0.0,
        0.0,
        0.0
      ],
      "rotation": [
        0.0,
        0.0,
        0.0,
        1.0
      ],
      "scale": [
        1.0,
        1.0,
        1.0
      ],
      "post-rotation": [
        0.0,
        0.0,
        0.0,
        1.0
      ]
    },
    "gui": {
      "translation": [
        0.48182988,
        0.8125,
        0.379294
      ],
      "rotation": [
        0.0,
        0.8819212,
        0.0,
        -0.4713967
      ],
      "scale": [
        0.8749999,
        0.875,
        0.8749999
      ],
      "post-rotation": [
        0.0,
        0.0,
        0.0,
        1.0
      ]
    },
    "ground": {
      "translation": [
        0.5,
        0.75,
        0.5
      ],
      "rotation": [
        0.0,
        0.0,
        0.0,
        1.0
      ],
      "scale": [
        0.5,
        0.5,
        0.5
      ],
      "post-rotation": [
        0.0,
        0.0,
        0.0,
        1.0
      ]
    },
    "fixed": {
      "translation": [
        0.5,
        0.875,
        0.49999994
      ],
      "rotation": [
        0.0,
        0.7071067,
        0.0,
        0.70710677
      ],
      "scale": [
        0.99999994,
        1.0,
        0.99999994
      ],
      "post-rotation": [
        0.0,
        0.0,
        0.0,
        1.0
      ]
    }
  }
}