{
  "loader": "forge:obj",
  "model": "immersiveengineering:models/item/toolbox.obj",
  "flip-v": true,
  "transform": {
    "thirdperson_righthand": {
      "translation": [
        -0.25,
        0.1875,
        0.3125
      ],
      "rotation": [
        -4.3297796E-17,
        0.7071068,
        0.7071069,
        4.3297793E-17
      ],
      "scale": [
        0.6250003,
        0.6250002,
        0.6250002
      ],
      "post-rotation": [
        0.0,
        0.0,
        0.0,
        0.99830717
      ],
      "origin": "corner"
    },
    "thirdperson_lefthand": {
      "translation": [
        -0.25,
        -0.4375,
        0.3125
      ],
      "rotation": [
        0.7071069,
        0.0,
        0.0,
        0.7071068
      ],
      "scale": [
        0.62500006,
        0.6250001,
        0.6250001
      ],
      "post-rotation": [
        0.0,
        0.0,
        0.0,
        0.99830717
      ],
      "origin": "corner"
    },
    "firstperson_righthand": {
      "translation": [
        -0.28125,
        0.46875,
        0.1171875
      ],
      "rotation": [
        0.0,
        0.9238796,
        0.0,
        -0.38268334
      ],
      "scale": [
        0.37500015,
        0.375,
        0.37500015
      ],
      "post-rotation": [
        0.0,
        0.0,
        0.0,
        0.99830717
      ],
      "origin": "corner"
    },
    "firstperson_lefthand": {
      "translation": [
        -0.046875,
        0.46875,
        0.3515625
      ],
      "rotation": [
        0.0,
        0.3826835,
        0.0,
        0.92387956
      ],
      "scale": [
        0.37500003,
        0.37499997,
        0.37500003
      ],
      "post-rotation": [
        0.0,
        0.0,
        0.0,
        0.99830717
      ],
      "origin": "corner"
    },
    "head": {
      "translation": [
        0.0,
        0.0,
        0.0
      ],
      "rotation": [
        0.0,
        0.0,
        0.0,
        1.0
      ],
      "scale": [
        1.0,
        1.0,
        1.0
      ],
      "post-rotation": [
        0.0,
        0.0,
        0.0,
        0.99830717
      ],
      "origin": "corner"
    },
    "gui": {
      "translation": [
        -0.625,
        0.75,
        0.0
      ],
      "rotation": [
        0.0,
        0.8819212,
        0.0,
        -0.4713967
      ],
      "scale": [
        0.8749999,
        0.875,
        0.8749999
      ],
      "post-rotation": [
        0.0,
        0.0,
        0.0,
        0.99830717
      ],
      "origin": "corner"
    },
    "ground": {
      "translation": [
        0.25,
        0.5,
        0.25
      ],
      "rotation": [
        0.0,
        0.0,
        0.0,
        1.0
      ],
      "scale": [
        0.5,
        0.5,
        0.5
      ],
      "post-rotation": [
        0.0,
        0.0,
        0.0,
        0.99830717
      ],
      "origin": "corner"
    },
    "fixed": {
      "translation": [
        0.5,
        0.875,
        -0.5
      ],
      "rotation": [
        0.0,
        0.7071068,
        0.0,
        0.70710677
      ],
      "scale": [
        1.0000002,
        1.0,
        1.0000002
      ],
      "post-rotation": [
        0.0,
        0.0,
        0.0,
        0.99830717
      ],
      "origin": "corner"
    }
  }
}