{
  "display": {
    "firstperson_lefthand": {
      "right_rotation": [
        -0.0,
        0.0,
        -0.0
      ],
      "rotation": [
        0.0,
        45.000004,
        0.0
      ],
      "scale": [
        0.3750001,
        0.37500006,
        0.3750001
      ],
      "translation": [
        3.0073586,
        12.5,
        13.625
      ]
    },
    "firstperson_righthand": {
      "right_rotation": [
        -0.0,
        0.0,
        -0.0
      ],
      "rotation": [
        -180.0,
        -45.000004,
        -180.0
      ],
      "scale": [
        0.3750001,
        0.37500006,
        0.3750001
      ],
      "translation": [
        7.7426414,
        12.5,
        9.875
      ]
    },
    "fixed": {
      "right_rotation": [
        -0.0,
        0.0,
        -0.0
      ],
      "rotation": [
        0.0,
        90.0,
        0.0
      ],
      "scale": [
        0.99999994,
        1.0000001,
        0.99999994
      ],
      "translation": [
        7.999999,
        13.999999,
        8.000001
      ]
    },
    "ground": {
      "right_rotation": [
        -0.0,
        0.0,
        -0.0
      ],
      "scale": [
        0.5,
        0.5,
        0.5
      ],
      "translation": [
        8.0,
        12.0,
        8.0
      ]
    },
    "gui": {
      "right_rotation": [
        -0.0,
        0.0,
        -0.0
      ],
      "rotation": [
        -180.0,
        -56.249996,
        -180.0
      ],
      "scale": [
        0.8749999,
        0.87499994,
        0.8749999
      ],
      "translation": [
        7.709278,
        13.0,
        6.0687046
      ]
    },
    "thirdperson_lefthand": {
      "right_rotation": [
        -0.0,
        0.0,
        -0.0
      ],
      "rotation": [
        90.00001,
        0.0,
        0.0
      ],
      "scale": [
        0.6250001,
        0.6250002,
        0.6250002
      ],
      "translation": [
        -1.000001,
        6.000001,
        7.999999
      ]
    },
    "thirdperson_righthand": {
      "right_rotation": [
        -0.0,
        0.0,
        -0.0
      ],
      "rotation": [
        -90.00001,
        0.0,
        180.0
      ],
      "scale": [
        0.6250001,
        0.6250002,
        0.6250002
      ],
      "translation": [
        9.000001,
        5.999999,
        7.999999
      ]
    }
  },
  "flip_v": true,
  "loader": "forge:obj",
  "model": "immersiveengineering:models/item/toolbox.obj"
}