{
  "loader": "forge:obj",
  "model": "immersiveengineering:models/block/connector/transformer_mv_left.obj",
  "flip-v": true,
  "transform": {
    "thirdperson_righthand": {
      "translation": [
        0.0,
        0.09375,
        -0.171875
      ],
      "rotation": [
        0.46984625,
        0.46984628,
        0.32898995,
        0.67100996
      ],
      "scale": [
        0.25000003,
        0.24999999,
        0.25
      ],
      "post-rotation": [
        0.0,
        0.0,
        0.0,
        1.0
      ]
    },
    "thirdperson_lefthand": {
      "translation": [
        0.0,
        0.09375,
        -0.171875
      ],
      "rotation": [
        0.46984625,
        0.46984628,
        0.32898995,
        0.67100996
      ],
      "scale": [
        0.25000003,
        0.24999999,
        0.25
      ],
      "post-rotation": [
        0.0,
        0.0,
        0.0,
        1.0
      ]
    },
    "firstperson_righthand": {
      "translation": [
        0.0,
        0.0,
        0.0
      ],
      "rotation": [
        0.0,
        1.0,
        0.0,
        6.123234E-17
      ],
      "scale": [
        0.18749999,
        0.18749999,
        0.18749999
      ],
      "post-rotation": [
        0.0,
        0.0,
        0.0,
        1.0
      ]
    },
    "firstperson_lefthand": {
      "translation": [
        0.0,
        0.0,
        0.0
      ],
      "rotation": [
        0.0,
        1.0,
        0.0,
        6.123234E-17
      ],
      "scale": [
        0.18749999,
        0.18749999,
        0.18749999
      ],
      "post-rotation": [
        0.0,
        0.0,
        0.0,
        1.0
      ]
    },
    "head": {
      "translation": [
        0.0,
        0.0,
        0.0
      ],
      "rotation": [
        0.0,
        0.0,
        0.0,
        1.0
      ],
      "scale": [
        0.25,
        0.25,
        0.25
      ],
      "post-rotation": [
        0.0,
        0.0,
        0.0,
        1.0
      ]
    },
    "gui": {
      "translation": [
        0.0,
        -0.1875,
        0.0
      ],
      "rotation": [
        0.09904577,
        0.89239913,
        0.23911755,
        0.3696438
      ],
      "scale": [
        0.37500003,
        0.37500003,
        0.375
      ],
      "post-rotation": [
        0.0,
        0.0,
        0.0,
        1.0
      ]
    },
    "ground": {
      "translation": [
        0.0,
        0.0,
        0.0
      ],
      "rotation": [
        0.0,
        0.0,
        0.0,
        1.0
      ],
      "scale": [
        0.25,
        0.25,
        0.25
      ],
      "post-rotation": [
        0.0,
        0.0,
        0.0,
        1.0
      ]
    },
    "fixed": {
      "translation": [
        0.0,
        -0.25,
        0.0
      ],
      "rotation": [
        0.0,
        0.0,
        0.0,
        1.0
      ],
      "scale": [
        0.5,
        0.5,
        0.5
      ],
      "post-rotation": [
        0.0,
        0.0,
        0.0,
        1.0
      ]
    }
  }
}