{
  "loader": "forge:obj",
  "model": "immersiveengineering:models/block/connector/transformer_hv_left.obj",
  "flip-v": true,
  "transform": {
    "thirdperson_righthand": {
      "translation": [
        0.14085639,
        0.045574278,
        -0.3042367
      ],
      "rotation": [
        0.46984625,
        0.46984628,
        0.32898995,
        0.67100996
      ],
      "scale": [
        0.25000003,
        0.24999999,
        0.25
      ],
      "post-rotation": [
        0.0,
        0.0,
        0.0,
        0.99830717
      ]
    },
    "thirdperson_lefthand": {
      "translation": [
        0.14085639,
        0.045574278,
        -0.3042367
      ],
      "rotation": [
        0.46984625,
        0.46984628,
        0.32898995,
        0.67100996
      ],
      "scale": [
        0.25000003,
        0.24999999,
        0.25
      ],
      "post-rotation": [
        0.0,
        0.0,
        0.0,
        0.99830717
      ]
    },
    "firstperson_righthand": {
      "translation": [
        -0.875,
        -0.125,
        -0.875
      ],
      "rotation": [
        0.0,
        1.0,
        0.0,
        -4.371139E-8
      ],
      "scale": [
        0.18749999,
        0.18749999,
        0.18749999
      ],
      "post-rotation": [
        0.0,
        0.0,
        0.0,
        0.99830717
      ]
    },
    "firstperson_lefthand": {
      "translation": [
        -0.875,
        -0.125,
        -0.875
      ],
      "rotation": [
        0.0,
        1.0,
        0.0,
        -4.371139E-8
      ],
      "scale": [
        0.18749999,
        0.18749999,
        0.18749999
      ],
      "post-rotation": [
        0.0,
        0.0,
        0.0,
        0.99830717
      ]
    },
    "head": {
      "translation": [
        0.0,
        0.0,
        0.0
      ],
      "rotation": [
        0.0,
        0.0,
        0.0,
        1.0
      ],
      "scale": [
        0.25,
        0.25,
        0.25
      ],
      "post-rotation": [
        0.0,
        0.0,
        0.0,
        1.0
      ]
    },
    "gui": {
      "translation": [
        -0.5,
        0.49234915,
        -1.0435586
      ],
      "rotation": [
        0.09904575,
        0.89239913,
        0.23911761,
        0.36964384
      ],
      "scale": [
        0.375,
        0.37499997,
        0.37499997
      ],
      "post-rotation": [
        0.0,
        0.0,
        0.0,
        0.99830717
      ]
    },
    "ground": {
      "translation": [
        0.0,
        0.0,
        0.0
      ],
      "rotation": [
        0.0,
        0.0,
        0.0,
        1.0
      ],
      "scale": [
        0.25,
        0.25,
        0.25
      ],
      "post-rotation": [
        0.0,
        0.0,
        0.0,
        1.0
      ]
    },
    "fixed": {
      "translation": [
        0.5,
        0.25,
        0.5
      ],
      "rotation": [
        0.0,
        0.0,
        0.0,
        1.0
      ],
      "scale": [
        0.5,
        0.5,
        0.5
      ],
      "post-rotation": [
        0.0,
        0.0,
        0.0,
        0.99830717
      ]
    }
  }
}