{
  "display": {
    "firstperson_lefthand": {
      "rotation": [
        180.0,
        0.0,
        180.0
      ],
      "scale": [
        0.18749999,
        0.18749999,
        0.18749999
      ]
    },
    "firstperson_righthand": {
      "rotation": [
        180.0,
        0.0,
        180.0
      ],
      "scale": [
        0.18749999,
        0.18749999,
        0.18749999
      ]
    },
    "fixed": {
      "scale": [
        0.5,
        0.5,
        0.5
      ],
      "translation": [
        0.0,
        -4.0,
        0.0
      ]
    },
    "ground": {
      "scale": [
        0.25,
        0.25,
        0.25
      ]
    },
    "gui": {
      "rotation": [
        -150.0,
        45.000004,
        180.0
      ],
      "scale": [
        0.37500006,
        0.37499997,
        0.375
      ],
      "translation": [
        0.0,
        -3.0,
        0.0
      ]
    },
    "head": {
      "scale": [
        0.25,
        0.25,
        0.25
      ]
    },
    "none": {
      "scale": [
        0.25,
        0.25,
        0.25
      ]
    },
    "thirdperson_lefthand": {
      "rotation": [
        69.99999,
        69.99998,
        0.0
      ],
      "scale": [
        0.24999999,
        0.25,
        0.25
      ],
      "translation": [
        0.0,
        1.5,
        -2.75
      ]
    },
    "thirdperson_righthand": {
      "rotation": [
        69.99999,
        69.99998,
        0.0
      ],
      "scale": [
        0.24999999,
        0.25,
        0.25
      ],
      "translation": [
        0.0,
        1.5,
        -2.75
      ]
    }
  },
  "flip_v": true,
  "loader": "forge:obj",
  "model": "immersiveengineering:models/block/connector/transformer_mv_left.obj"
}