{
  "display": {
    "firstperson_lefthand": {
      "scale": [
        0.5,
        0.5,
        0.5
      ],
      "translation": [
        0.0,
        -2.0,
        -2.0
      ]
    },
    "firstperson_righthand": {
      "scale": [
        0.5,
        0.5,
        0.5
      ],
      "translation": [
        0.0,
        -2.0,
        -2.0
      ]
    },
    "fixed": {
      "rotation": [
        0.0,
        -90.0,
        0.0
      ],
      "scale": [
        0.9999999,
        0.99999994,
        0.9999999
      ],
      "translation": [
        2.000002,
        -3.000001,
        -9.536743E-7
      ]
    },
    "ground": {
      "scale": [
        0.5,
        0.5,
        0.5
      ]
    },
    "gui": {
      "rotation": [
        -149.99998,
        44.999992,
        180.0
      ],
      "scale": [
        0.99999976,
        0.9999999,
        0.99999976
      ],
      "translation": [
        -4.7683716E-7,
        -4.000003,
        -1.999999
      ]
    },
    "head": {
      "scale": [
        0.5,
        0.5,
        0.5
      ]
    },
    "thirdperson_lefthand": {
      "rotation": [
        69.99999,
        70.000015,
        1.9970143E-5
      ],
      "scale": [
        0.49999997,
        0.49999982,
        0.4999999
      ],
      "translation": [
        -3.0000014,
        1.4999995,
        -2.750001
      ]
    },
    "thirdperson_righthand": {
      "rotation": [
        69.99999,
        70.000015,
        1.9970143E-5
      ],
      "scale": [
        0.49999997,
        0.49999982,
        0.4999999
      ],
      "translation": [
        -3.0000014,
        1.4999995,
        -2.750001
      ]
    }
  },
  "flip_v": true,
  "loader": "forge:obj",
  "model": "immersiveengineering:models/block/wooden_device/wallmount.obj",
  "textures": {
    "texture": "immersiveengineering:block/wooden_device/wallmount"
  }
}