{
  "display": {
    "firstperson_lefthand": {
      "origin": "corner",
      "right_rotation": [
        0.0,
        0.0,
        0.0
      ],
      "rotation": [
        0.0,
        0.0,
        0.0
      ],
      "scale": [
        0.5,
        0.5,
        0.5
      ],
      "translation": [
        0.0,
        -0.125,
        -0.125
      ]
    },
    "firstperson_righthand": {
      "origin": "corner",
      "right_rotation": [
        0.0,
        0.0,
        0.0
      ],
      "rotation": [
        0.0,
        0.0,
        0.0
      ],
      "scale": [
        0.5,
        0.5,
        0.5
      ],
      "translation": [
        0.0,
        -0.125,
        -0.125
      ]
    },
    "fixed": {
      "origin": "corner",
      "right_rotation": [
        0.0,
        0.0,
        0.0
      ],
      "rotation": [
        0.0,
        0.0,
        0.0
      ],
      "scale": [
        0.9999999,
        1.0,
        0.9999999
      ],
      "translation": [
        0.12500018,
        -0.1875,
        0.0
      ]
    },
    "ground": {
      "origin": "corner",
      "right_rotation": [
        0.0,
        0.0,
        0.0
      ],
      "rotation": [
        0.0,
        0.0,
        0.0
      ],
      "scale": [
        0.5,
        0.5,
        0.5
      ],
      "translation": [
        0.0,
        0.0,
        0.0
      ]
    },
    "gui": {
      "origin": "corner",
      "right_rotation": [
        0.0,
        0.0,
        0.0
      ],
      "rotation": [
        2.4568734,
        -0.3613671,
        2.6779451
      ],
      "scale": [
        0.99999976,
        0.9999999,
        0.99999964
      ],
      "translation": [
        -2.9802322E-8,
        -0.25000012,
        -0.12499994
      ]
    },
    "head": {
      "origin": "corner",
      "right_rotation": [
        0.0,
        0.0,
        0.0
      ],
      "rotation": [
        0.0,
        0.0,
        0.0
      ],
      "scale": [
        0.5,
        0.5,
        0.5
      ],
      "translation": [
        0.0,
        0.0,
        0.0
      ]
    },
    "thirdperson_lefthand": {
      "origin": "corner",
      "right_rotation": [
        0.0,
        0.0,
        0.0
      ],
      "rotation": [
        1.4469482,
        0.32720116,
        1.2012604
      ],
      "scale": [
        0.5,
        0.49999985,
        0.49999988
      ],
      "translation": [
        -0.18750003,
        0.09375003,
        -0.171875
      ]
    },
    "thirdperson_righthand": {
      "origin": "corner",
      "right_rotation": [
        0.0,
        0.0,
        0.0
      ],
      "rotation": [
        1.4469482,
        0.32720116,
        1.2012604
      ],
      "scale": [
        0.5,
        0.49999985,
        0.49999988
      ],
      "translation": [
        -0.18750003,
        0.09375003,
        -0.171875
      ]
    }
  },
  "flip_v": true,
  "loader": "forge:obj",
  "model": "immersiveengineering:models/block/wooden_device/wallmount.obj",
  "textures": {
    "texture": "immersiveengineering:block/wooden_device/wallmount"
  }
}