{
  "textures": {
    "texture": "immersiveengineering:block/wooden_device/wallmount"
  },
  "loader": "forge:obj",
  "model": "immersiveengineering:models/block/wooden_device/wallmount.obj",
  "flip-v": true,
  "transform": {
    "thirdperson_righthand": {
      "translation": [
        -0.18750003,
        0.09375003,
        -0.17187501
      ],
      "rotation": [
        0.46984634,
        0.46984634,
        0.32899,
        0.67100996
      ],
      "scale": [
        0.50000006,
        0.49999994,
        0.49999994
      ],
      "post-rotation": [
        0.0,
        0.0,
        0.0,
        1.0
      ]
    },
    "thirdperson_lefthand": {
      "translation": [
        -0.18750003,
        0.09375003,
        -0.17187501
      ],
      "rotation": [
        0.46984634,
        0.46984634,
        0.32899,
        0.67100996
      ],
      "scale": [
        0.50000006,
        0.49999994,
        0.49999994
      ],
      "post-rotation": [
        0.0,
        0.0,
        0.0,
        1.0
      ]
    },
    "firstperson_righthand": {
      "translation": [
        0.0,
        -0.125,
        -0.125
      ],
      "rotation": [
        0.0,
        0.0,
        0.0,
        1.0
      ],
      "scale": [
        0.5,
        0.5,
        0.5
      ],
      "post-rotation": [
        0.0,
        0.0,
        0.0,
        1.0
      ]
    },
    "firstperson_lefthand": {
      "translation": [
        0.0,
        -0.125,
        -0.125
      ],
      "rotation": [
        0.0,
        0.0,
        0.0,
        1.0
      ],
      "scale": [
        0.5,
        0.5,
        0.5
      ],
      "post-rotation": [
        0.0,
        0.0,
        0.0,
        1.0
      ]
    },
    "head": {
      "translation": [
        0.0,
        0.0,
        0.0
      ],
      "rotation": [
        0.0,
        0.0,
        0.0,
        1.0
      ],
      "scale": [
        0.5,
        0.5,
        0.5
      ],
      "post-rotation": [
        0.0,
        0.0,
        0.0,
        1.0
      ]
    },
    "gui": {
      "translation": [
        -2.9802322E-8,
        -0.25000012,
        -0.12499994
      ],
      "rotation": [
        0.099045776,
        0.8923991,
        0.2391176,
        0.36964378
      ],
      "scale": [
        0.99999976,
        0.99999994,
        0.99999964
      ],
      "post-rotation": [
        0.0,
        0.0,
        0.0,
        1.0
      ]
    },
    "ground": {
      "translation": [
        0.0,
        0.0,
        0.0
      ],
      "rotation": [
        0.0,
        0.0,
        0.0,
        1.0
      ],
      "scale": [
        0.5,
        0.5,
        0.5
      ],
      "post-rotation": [
        0.0,
        0.0,
        0.0,
        1.0
      ]
    },
    "fixed": {
      "translation": [
        0.12500006,
        -0.1875,
        0.0
      ],
      "rotation": [
        0.0,
        -0.7071067,
        0.0,
        0.70710677
      ],
      "scale": [
        0.99999994,
        1.0,
        0.99999994
      ],
      "post-rotation": [
        0.0,
        0.0,
        0.0,
        1.0
      ]
    }
  }
}