{
  "display": {
    "firstperson_lefthand": {
      "scale": [
        0.125,
        0.125,
        0.125
      ]
    },
    "firstperson_righthand": {
      "scale": [
        0.125,
        0.125,
        0.125
      ]
    },
    "fixed": {
      "rotation": [
        0.0,
        90.0,
        0.0
      ],
      "scale": [
        0.1875,
        0.1875,
        0.1875
      ],
      "translation": [
        0.0,
        -0.015625,
        -0.0
      ]
    },
    "ground": {
      "scale": [
        0.125,
        0.125,
        0.125
      ]
    },
    "gui": {
      "rotation": [
        20.0,
        45.0,
        0.0
      ],
      "scale": [
        0.34375,
        0.234375,
        0.34375
      ],
      "translation": [
        0.0078125,
        -0.0234375,
        -0.0078125
      ]
    },
    "head": {
      "scale": [
        0.125,
        0.125,
        0.125
      ]
    },
    "none": {
      "scale": [
        0.125,
        0.125,
        0.125
      ]
    },
    "thirdperson_lefthand": {
      "rotation": [
        70.0,
        0.0,
        0.0
      ],
      "scale": [
        0.125,
        0.125,
        0.125
      ],
      "translation": [
        0.0,
        0.0078125,
        -0.0107421875
      ]
    },
    "thirdperson_righthand": {
      "rotation": [
        70.0,
        0.0,
        0.0
      ],
      "scale": [
        0.125,
        0.125,
        0.125
      ],
      "translation": [
        0.0,
        0.0078125,
        -0.0107421875
      ]
    }
  },
  "flip_v": true,
  "loader": "forge:obj",
  "model": "immersiveengineering:models/block/wooden_device/wooden_post_inv.obj",
  "textures": {
    "post": "immersiveengineering:block/wooden_decoration/post"
  }
}