{
  "display": {
    "firstperson_lefthand": {
      "right_rotation": [
        -0.0,
        0.0,
        -0.0
      ],
      "rotation": [
        0.0,
        90.0,
        0.0
      ],
      "scale": [
        0.18749997,
        0.18749999,
        0.18749997
      ],
      "translation": [
        6.5,
        6.5,
        9.5
      ]
    },
    "firstperson_righthand": {
      "right_rotation": [
        -0.0,
        0.0,
        -0.0
      ],
      "rotation": [
        0.0,
        90.0,
        0.0
      ],
      "scale": [
        0.18749997,
        0.18749999,
        0.18749997
      ],
      "translation": [
        6.5,
        6.5,
        9.5
      ]
    },
    "fixed": {
      "right_rotation": [
        -0.0,
        0.0,
        -0.0
      ],
      "rotation": [
        0.0,
        90.0,
        0.0
      ],
      "scale": [
        0.49999994,
        0.49999997,
        0.49999994
      ],
      "translation": [
        6.0,
        0.0,
        12.000001
      ]
    },
    "ground": {
      "right_rotation": [
        -0.0,
        0.0,
        -0.0
      ],
      "scale": [
        0.25,
        0.25,
        0.25
      ],
      "translation": [
        6.0,
        6.0,
        6.0
      ]
    },
    "gui": {
      "right_rotation": [
        -0.0,
        0.0,
        -0.0
      ],
      "rotation": [
        -150.0,
        45.00001,
        180.0
      ],
      "scale": [
        0.3750001,
        0.37499994,
        0.375
      ],
      "translation": [
        7.9999995,
        1.2806039,
        10.174234
      ]
    },
    "head": {
      "right_rotation": [
        -0.0,
        0.0,
        -0.0
      ],
      "scale": [
        0.25,
        0.25,
        0.25
      ],
      "translation": [
        6.0,
        6.0,
        6.0
      ]
    },
    "none": {
      "right_rotation": [
        -0.0,
        0.0,
        -0.0
      ],
      "scale": [
        0.25,
        0.25,
        0.25
      ],
      "translation": [
        6.0,
        6.0,
        6.0
      ]
    },
    "thirdperson_lefthand": {
      "right_rotation": [
        -0.0,
        0.0,
        -0.0
      ],
      "rotation": [
        70.00002,
        70.000015,
        0.0
      ],
      "scale": [
        0.24999997,
        0.24999999,
        0.25000003
      ],
      "translation": [
        5.436575,
        7.6927032,
        3.779447
      ]
    },
    "thirdperson_righthand": {
      "right_rotation": [
        -0.0,
        0.0,
        -0.0
      ],
      "rotation": [
        70.00002,
        70.000015,
        0.0
      ],
      "scale": [
        0.24999997,
        0.24999999,
        0.25000003
      ],
      "translation": [
        5.436575,
        7.6927032,
        3.779447
      ]
    }
  },
  "flip_v": true,
  "loader": "forge:obj",
  "model": "immersiveengineering:models/block/metal_device/chem_turret_inv.obj"
}