{
  "display": {
    "firstperson_lefthand": {
      "rotation": [
        0.0,
        90.0,
        0.0
      ],
      "scale": [
        0.18749999,
        0.1875,
        0.18749999
      ]
    },
    "firstperson_righthand": {
      "rotation": [
        0.0,
        90.0,
        0.0
      ],
      "scale": [
        0.18749999,
        0.1875,
        0.18749999
      ]
    },
    "fixed": {
      "rotation": [
        0.0,
        90.0,
        0.0
      ],
      "scale": [
        0.5,
        0.5,
        0.5
      ],
      "translation": [
        2.0,
        -4.0,
        0.0
      ]
    },
    "ground": {
      "scale": [
        0.25,
        0.25,
        0.25
      ]
    },
    "gui": {
      "rotation": [
        -150.0,
        45.000004,
        180.0
      ],
      "scale": [
        0.375,
        0.37499997,
        0.37499997
      ],
      "translation": [
        0.0,
        -2.0,
        0.0
      ]
    },
    "head": {
      "scale": [
        0.25,
        0.25,
        0.25
      ]
    },
    "none": {
      "scale": [
        0.25,
        0.25,
        0.25
      ]
    },
    "thirdperson_lefthand": {
      "rotation": [
        69.99996,
        69.99997,
        4.992534E-6
      ],
      "scale": [
        0.25000003,
        0.24999999,
        0.25
      ],
      "translation": [
        0.0,
        1.5,
        -2.75
      ]
    },
    "thirdperson_righthand": {
      "rotation": [
        69.99996,
        69.99997,
        4.992534E-6
      ],
      "scale": [
        0.25000003,
        0.24999999,
        0.25
      ],
      "translation": [
        0.0,
        1.5,
        -2.75
      ]
    }
  },
  "flip_v": true,
  "loader": "forge:obj",
  "model": "immersiveengineering:models/block/metal_device/chem_turret_inv.obj"
}