{
  "parent": "immersiveengineering:item/voltmeter.obj",
  "display-trsr": {
    "none": {
      "translation": [
        0.0,
        0.0,
        0.0
      ],
      "rotation": [
        0.0,
        0.0,
        0.0,
        1.0
      ],
      "scale": [
        1.0,
        1.0,
        1.0
      ],
      "post-rotation": [
        0.0,
        0.0,
        0.0,
        1.0
      ]
    },
    "third_person_left_hand": {
      "translation": [
        0.16912383,
        0.3125,
        -0.220801
      ],
      "rotation": [
        0.0,
        -0.5555703,
        0.0,
        0.83146966
      ],
      "scale": [
        0.6250002,
        0.625,
        0.6250002
      ],
      "post-rotation": [
        0.0,
        0.0,
        0.0,
        1.0
      ]
    },
    "third_person_right_hand": {
      "translation": [
        0.41912383,
        0.3125,
        0.341699
      ],
      "rotation": [
        0.0,
        -0.5555703,
        0.0,
        0.83146966
      ],
      "scale": [
        0.6250002,
        0.625,
        0.6250002
      ],
      "post-rotation": [
        0.0,
        0.0,
        0.0,
        1.0
      ]
    },
    "first_person_left_hand": {
      "translation": [
        0.74999994,
        0.375,
        -0.625
      ],
      "rotation": [
        0.0,
        -0.7071067,
        0.0,
        0.70710677
      ],
      "scale": [
        0.99999994,
        1.0,
        0.99999994
      ],
      "post-rotation": [
        0.0,
        0.0,
        0.0,
        1.0
      ]
    },
    "first_person_right_hand": {
      "translation": [
        0.74999994,
        0.375,
        0.3125
      ],
      "rotation": [
        0.0,
        -0.7071067,
        0.0,
        0.70710677
      ],
      "scale": [
        0.99999994,
        1.0,
        0.99999994
      ],
      "post-rotation": [
        0.0,
        0.0,
        0.0,
        1.0
      ]
    },
    "head": {
      "translation": [
        0.0,
        0.0,
        0.0
      ],
      "rotation": [
        0.0,
        0.0,
        0.0,
        1.0
      ],
      "scale": [
        1.0,
        1.0,
        1.0
      ],
      "post-rotation": [
        0.0,
        0.0,
        0.0,
        1.0
      ]
    },
    "gui": {
      "translation": [
        0.49999994,
        0.43749994,
        -0.2954952
      ],
      "rotation": [
        0.0,
        -0.3826834,
        0.0,
        0.9238796
      ],
      "scale": [
        1.1250002,
        1.1250002,
        1.1250002
      ],
      "post-rotation": [
        0.0,
        0.0,
        0.0,
        1.0
      ]
    },
    "ground": {
      "translation": [
        0.5,
        0.5,
        0.5
      ],
      "rotation": [
        0.0,
        0.0,
        0.0,
        1.0
      ],
      "scale": [
        0.5,
        0.5,
        0.5
      ],
      "post-rotation": [
        0.0,
        0.0,
        0.0,
        1.0
      ]
    },
    "fixed": {
      "translation": [
        0.5,
        0.5,
        0.5
      ],
      "rotation": [
        0.0,
        1.0,
        0.0,
        6.123234E-17
      ],
      "scale": [
        1.0,
        1.0,
        1.0
      ],
      "post-rotation": [
        0.0,
        0.0,
        0.0,
        1.0
      ]
    }
  }
}