{
  "loader": "forge:obj",
  "model": "immersiveengineering:models/item/voltmeter.obj",
  "flip-v": true,
  "transform": {
    "thirdperson_righthand": {
      "translation": [
        -0.9191238,
        -0.0625,
        0.158301
      ],
      "rotation": [
        0.0,
        -0.5555703,
        0.0,
        0.83146966
      ],
      "scale": [
        0.6250002,
        0.625,
        0.6250002
      ],
      "post-rotation": [
        0.0,
        0.0,
        0.0,
        0.99830717
      ]
    },
    "thirdperson_lefthand": {
      "translation": [
        -1.1691239,
        -0.0625,
        -0.404199
      ],
      "rotation": [
        0.0,
        -0.5555703,
        0.0,
        0.83146966
      ],
      "scale": [
        0.6250002,
        0.625,
        0.6250002
      ],
      "post-rotation": [
        0.0,
        0.0,
        0.0,
        0.99830717
      ]
    },
    "firstperson_righthand": {
      "translation": [
        -1.2500001,
        0.375,
        0.3125
      ],
      "rotation": [
        0.0,
        0.7071068,
        0.0,
        -0.70710677
      ],
      "scale": [
        1.0000002,
        1.0,
        1.0000002
      ],
      "post-rotation": [
        0.0,
        0.0,
        0.0,
        0.99830717
      ]
    },
    "firstperson_lefthand": {
      "translation": [
        -1.2500001,
        0.375,
        -0.625
      ],
      "rotation": [
        0.0,
        0.7071068,
        0.0,
        -0.70710677
      ],
      "scale": [
        1.0000002,
        1.0,
        1.0000002
      ],
      "post-rotation": [
        0.0,
        0.0,
        0.0,
        0.99830717
      ]
    },
    "head": {
      "translation": [
        0.0,
        0.0,
        0.0
      ],
      "rotation": [
        0.0,
        0.0,
        0.0,
        1.0
      ],
      "scale": [
        1.0,
        1.0,
        1.0
      ],
      "post-rotation": [
        0.0,
        0.0,
        0.0,
        0.99830717
      ]
    },
    "gui": {
      "translation": [
        -0.49999994,
        0.56250006,
        0.2954952
      ],
      "rotation": [
        0.0,
        -0.3826834,
        0.0,
        0.9238796
      ],
      "scale": [
        1.1250002,
        1.1250002,
        1.1250002
      ],
      "post-rotation": [
        0.0,
        0.0,
        0.0,
        0.99830717
      ]
    },
    "ground": {
      "translation": [
        0.0,
        0.0,
        0.0
      ],
      "rotation": [
        0.0,
        0.0,
        0.0,
        1.0
      ],
      "scale": [
        0.5,
        0.5,
        0.5
      ],
      "post-rotation": [
        0.0,
        0.0,
        0.0,
        0.99830717
      ]
    },
    "fixed": {
      "translation": [
        -1.5,
        0.5,
        -1.5
      ],
      "rotation": [
        0.0,
        1.0,
        0.0,
        6.123234E-17
      ],
      "scale": [
        1.0,
        1.0,
        1.0
      ],
      "post-rotation": [
        0.0,
        0.0,
        0.0,
        0.99830717
      ]
    }
  }
}