{
  "display": {
    "firstperson_lefthand": {
      "right_rotation": [
        -0.0,
        0.0,
        -0.0
      ],
      "rotation": [
        0.0,
        44.99998,
        0.0
      ],
      "scale": [
        0.124999985,
        0.125,
        0.124999985
      ],
      "translation": [
        -1.1920929E-7,
        1.1920929E-7,
        1.1920929E-7
      ]
    },
    "firstperson_righthand": {
      "right_rotation": [
        -0.0,
        0.0,
        -0.0
      ],
      "rotation": [
        0.0,
        44.99998,
        0.0
      ],
      "scale": [
        0.124999985,
        0.125,
        0.124999985
      ],
      "translation": [
        -1.1920929E-7,
        1.1920929E-7,
        1.1920929E-7
      ]
    },
    "fixed": {
      "right_rotation": [
        -0.0,
        0.0,
        -0.0
      ],
      "scale": [
        0.20000002,
        0.20000002,
        0.20000002
      ],
      "translation": [
        2.3841858E-7,
        2.3841858E-7,
        2.3841858E-7
      ]
    },
    "ground": {
      "right_rotation": [
        -0.0,
        0.0,
        -0.0
      ],
      "scale": [
        0.125,
        0.125,
        0.125
      ]
    },
    "gui": {
      "right_rotation": [
        -0.0,
        0.0,
        -0.0
      ],
      "rotation": [
        -180.0,
        -34.999992,
        -180.0
      ],
      "scale": [
        0.18750004,
        0.18750004,
        0.18750004
      ],
      "translation": [
        -8.34465E-7,
        3.5762787E-7,
        -3.5762787E-7
      ]
    },
    "head": {
      "right_rotation": [
        -0.0,
        0.0,
        -0.0
      ],
      "scale": [
        0.125,
        0.125,
        0.125
      ]
    },
    "thirdperson_lefthand": {
      "right_rotation": [
        -0.0,
        0.0,
        -0.0
      ],
      "rotation": [
        9.999983,
        -44.99998,
        89.99995
      ],
      "scale": [
        0.124999985,
        0.125,
        0.125
      ],
      "translation": [
        -2.9802325E-7,
        1.5,
        -2.7500002
      ]
    },
    "thirdperson_righthand": {
      "right_rotation": [
        -0.0,
        0.0,
        -0.0
      ],
      "rotation": [
        9.999983,
        -44.99998,
        89.99995
      ],
      "scale": [
        0.124999985,
        0.125,
        0.125
      ],
      "translation": [
        -2.9802325E-7,
        1.5,
        -2.7500002
      ]
    }
  },
  "flip_v": true,
  "loader": "forge:obj",
  "model": "immersiveengineering:models/block/wooden_device/watermill.obj"
}