{
  "display": {
    "firstperson_lefthand": {
      "origin": "corner",
      "right_rotation": [
        0.0,
        0.0,
        0.0
      ],
      "rotation": [
        0.0,
        0.0,
        0.0
      ],
      "scale": [
        0.12499998,
        0.12499999,
        0.12499998
      ],
      "translation": [
        -1.4901161E-8,
        0.0,
        3.7252903E-9
      ]
    },
    "firstperson_righthand": {
      "origin": "corner",
      "right_rotation": [
        0.0,
        0.0,
        0.0
      ],
      "rotation": [
        0.0,
        0.0,
        0.0
      ],
      "scale": [
        0.12499998,
        0.12499999,
        0.12499998
      ],
      "translation": [
        -1.4901161E-8,
        0.0,
        3.7252903E-9
      ]
    },
    "fixed": {
      "origin": "corner",
      "right_rotation": [
        0.0,
        0.0,
        0.0
      ],
      "rotation": [
        0.0,
        0.0,
        0.0
      ],
      "scale": [
        0.20000003,
        0.20000003,
        0.20000003
      ],
      "translation": [
        1.4901161E-8,
        1.4901161E-8,
        1.4901161E-8
      ]
    },
    "ground": {
      "origin": "corner",
      "right_rotation": [
        0.0,
        0.0,
        0.0
      ],
      "rotation": [
        0.0,
        0.0,
        0.0
      ],
      "scale": [
        0.125,
        0.125,
        0.125
      ],
      "translation": [
        0.0,
        0.0,
        0.0
      ]
    },
    "gui": {
      "origin": "corner",
      "right_rotation": [
        0.0,
        0.0,
        0.0
      ],
      "rotation": [
        3.1415927,
        -0.0,
        3.1415927
      ],
      "scale": [
        0.18750009,
        0.1875,
        0.18750009
      ],
      "translation": [
        -7.4505806E-8,
        0.0,
        -4.4703484E-8
      ]
    },
    "head": {
      "origin": "corner",
      "right_rotation": [
        0.0,
        0.0,
        0.0
      ],
      "rotation": [
        0.0,
        0.0,
        0.0
      ],
      "scale": [
        0.125,
        0.125,
        0.125
      ],
      "translation": [
        0.0,
        0.0,
        0.0
      ]
    },
    "thirdperson_lefthand": {
      "origin": "corner",
      "right_rotation": [
        0.0,
        0.0,
        0.0
      ],
      "rotation": [
        -0.7853983,
        0.123098426,
        1.5707963
      ],
      "scale": [
        0.125,
        0.12500001,
        0.12500003
      ],
      "translation": [
        -2.9802322E-8,
        0.09374999,
        -0.17187501
      ]
    },
    "thirdperson_righthand": {
      "origin": "corner",
      "right_rotation": [
        0.0,
        0.0,
        0.0
      ],
      "rotation": [
        -0.7853983,
        0.123098426,
        1.5707963
      ],
      "scale": [
        0.125,
        0.12500001,
        0.12500003
      ],
      "translation": [
        -2.9802322E-8,
        0.09374999,
        -0.17187501
      ]
    }
  },
  "flip_v": true,
  "loader": "forge:obj",
  "model": "immersiveengineering:models/block/wooden_device/watermill.obj"
}