{
  "loader": "forge:obj",
  "model": "immersiveengineering:models/block/wooden_device/watermill.obj.ie",
  "flip-v": true,
  "transform": {
    "thirdperson_righthand": {
      "translation": [
        -2.9802322E-8,
        0.09375,
        -0.17187501
      ],
      "rotation": [
        -0.21263114,
        -0.32650563,
        0.62721133,
        0.67437977
      ],
      "scale": [
        0.125,
        0.12500001,
        0.12500003
      ],
      "post-rotation": [
        0.0,
        0.0,
        0.0,
        1.0
      ]
    },
    "thirdperson_lefthand": {
      "translation": [
        -2.9802322E-8,
        0.09375,
        -0.17187501
      ],
      "rotation": [
        -0.21263114,
        -0.32650563,
        0.62721133,
        0.67437977
      ],
      "scale": [
        0.125,
        0.12500001,
        0.12500003
      ],
      "post-rotation": [
        0.0,
        0.0,
        0.0,
        1.0
      ]
    },
    "firstperson_righthand": {
      "translation": [
        -1.4901161E-8,
        0.0,
        7.4505806E-9
      ],
      "rotation": [
        0.0,
        0.3826834,
        0.0,
        0.9238796
      ],
      "scale": [
        0.12499999,
        0.125,
        0.12499999
      ],
      "post-rotation": [
        0.0,
        0.0,
        0.0,
        1.0
      ]
    },
    "firstperson_lefthand": {
      "translation": [
        -1.4901161E-8,
        0.0,
        7.4505806E-9
      ],
      "rotation": [
        0.0,
        0.3826834,
        0.0,
        0.9238796
      ],
      "scale": [
        0.12499999,
        0.125,
        0.12499999
      ],
      "post-rotation": [
        0.0,
        0.0,
        0.0,
        1.0
      ]
    },
    "head": {
      "translation": [
        0.0,
        0.0,
        0.0
      ],
      "rotation": [
        0.0,
        0.0,
        0.0,
        1.0
      ],
      "scale": [
        0.125,
        0.125,
        0.125
      ],
      "post-rotation": [
        0.0,
        0.0,
        0.0,
        1.0
      ]
    },
    "gui": {
      "translation": [
        -1.4901161E-8,
        0.0,
        -1.4901161E-8
      ],
      "rotation": [
        0.0,
        0.95371705,
        0.0,
        -0.30070573
      ],
      "scale": [
        0.18749999,
        0.1875,
        0.18749999
      ],
      "post-rotation": [
        0.0,
        0.0,
        0.0,
        1.0
      ]
    },
    "ground": {
      "translation": [
        0.0,
        0.0,
        0.0
      ],
      "rotation": [
        0.0,
        0.0,
        0.0,
        1.0
      ],
      "scale": [
        0.125,
        0.125,
        0.125
      ],
      "post-rotation": [
        0.0,
        0.0,
        0.0,
        1.0
      ]
    },
    "fixed": {
      "translation": [
        1.4901161E-8,
        1.4901161E-8,
        1.4901161E-8
      ],
      "rotation": [
        0.0,
        0.0,
        0.0,
        0.99999994
      ],
      "scale": [
        0.20000003,
        0.20000003,
        0.20000003
      ],
      "post-rotation": [
        0.0,
        0.0,
        0.0,
        1.0
      ]
    }
  }
}