{
  "loader": "forge:obj",
  "model": "immersiveengineering:models/block/wooden_device/watermill.obj",
  "flip-v": true,
  "transform": {
    "thirdperson_righthand": {
      "translation": [
        -2.9802322E-8,
        0.09374999,
        -0.17187501
      ],
      "rotation": [
        -0.21263114,
        -0.32650563,
        0.62721133,
        0.67437977
      ],
      "scale": [
        0.125,
        0.12500001,
        0.12500003
      ],
      "post-rotation": [
        0.0,
        0.0,
        0.0,
        0.99830717
      ],
      "origin": "corner"
    },
    "thirdperson_lefthand": {
      "translation": [
        -2.9802322E-8,
        0.09374999,
        -0.17187501
      ],
      "rotation": [
        -0.21263114,
        -0.32650563,
        0.62721133,
        0.67437977
      ],
      "scale": [
        0.125,
        0.12500001,
        0.12500003
      ],
      "post-rotation": [
        0.0,
        0.0,
        0.0,
        0.99830717
      ],
      "origin": "corner"
    },
    "firstperson_righthand": {
      "translation": [
        -1.4901161E-8,
        0.0,
        3.7252903E-9
      ],
      "rotation": [
        0.0,
        0.38268337,
        0.0,
        0.9238795
      ],
      "scale": [
        0.12499998,
        0.12499999,
        0.12499998
      ],
      "post-rotation": [
        0.0,
        0.0,
        0.0,
        0.99830717
      ],
      "origin": "corner"
    },
    "firstperson_lefthand": {
      "translation": [
        -1.4901161E-8,
        0.0,
        3.7252903E-9
      ],
      "rotation": [
        0.0,
        0.38268337,
        0.0,
        0.9238795
      ],
      "scale": [
        0.12499998,
        0.12499999,
        0.12499998
      ],
      "post-rotation": [
        0.0,
        0.0,
        0.0,
        0.99830717
      ],
      "origin": "corner"
    },
    "head": {
      "translation": [
        0.0,
        0.0,
        0.0
      ],
      "rotation": [
        0.0,
        0.0,
        0.0,
        1.0
      ],
      "scale": [
        0.125,
        0.125,
        0.125
      ],
      "post-rotation": [
        0.0,
        0.0,
        0.0,
        0.99830717
      ],
      "origin": "corner"
    },
    "gui": {
      "translation": [
        -7.4505806E-8,
        0.0,
        -4.4703484E-8
      ],
      "rotation": [
        0.0,
        0.953717,
        0.0,
        -0.30070567
      ],
      "scale": [
        0.18750009,
        0.1875,
        0.18750009
      ],
      "post-rotation": [
        0.0,
        0.0,
        0.0,
        0.99830717
      ],
      "origin": "corner"
    },
    "ground": {
      "translation": [
        0.0,
        0.0,
        0.0
      ],
      "rotation": [
        0.0,
        0.0,
        0.0,
        1.0
      ],
      "scale": [
        0.125,
        0.125,
        0.125
      ],
      "post-rotation": [
        0.0,
        0.0,
        0.0,
        0.99830717
      ],
      "origin": "corner"
    },
    "fixed": {
      "translation": [
        1.4901161E-8,
        1.4901161E-8,
        1.4901161E-8
      ],
      "rotation": [
        0.0,
        0.0,
        0.0,
        0.99999994
      ],
      "scale": [
        0.20000003,
        0.20000003,
        0.20000003
      ],
      "post-rotation": [
        0.0,
        0.0,
        0.0,
        0.99830717
      ],
      "origin": "corner"
    }
  }
}