{
  "display": {
    "firstperson_lefthand": {
      "right_rotation": [
        -0.0,
        0.0,
        -0.0
      ],
      "rotation": [
        0.0,
        44.99998,
        0.0
      ],
      "scale": [
        0.124999985,
        0.125,
        0.124999985
      ],
      "translation": [
        6.585787,
        7.0,
        8.0
      ]
    },
    "firstperson_righthand": {
      "right_rotation": [
        -0.0,
        0.0,
        -0.0
      ],
      "rotation": [
        0.0,
        44.99998,
        0.0
      ],
      "scale": [
        0.124999985,
        0.125,
        0.124999985
      ],
      "translation": [
        6.585787,
        7.0,
        8.0
      ]
    },
    "fixed": {
      "right_rotation": [
        -0.0,
        0.0,
        -0.0
      ],
      "scale": [
        0.20000002,
        0.20000002,
        0.20000002
      ],
      "translation": [
        6.3999996,
        6.3999996,
        6.3999996
      ]
    },
    "ground": {
      "right_rotation": [
        -0.0,
        0.0,
        -0.0
      ],
      "scale": [
        0.125,
        0.125,
        0.125
      ],
      "translation": [
        7.0,
        7.0,
        7.0
      ]
    },
    "gui": {
      "right_rotation": [
        -0.0,
        0.0,
        -0.0
      ],
      "rotation": [
        -180.0,
        -34.999992,
        -180.0
      ],
      "scale": [
        0.18750004,
        0.18750004,
        0.18750004
      ],
      "translation": [
        10.089093,
        6.5000005,
        8.368363
      ]
    },
    "head": {
      "right_rotation": [
        -0.0,
        0.0,
        -0.0
      ],
      "scale": [
        0.125,
        0.125,
        0.125
      ],
      "translation": [
        7.0,
        7.0,
        7.0
      ]
    },
    "thirdperson_lefthand": {
      "right_rotation": [
        -0.0,
        0.0,
        -0.0
      ],
      "rotation": [
        9.999983,
        -44.99998,
        89.99995
      ],
      "scale": [
        0.124999985,
        0.125,
        0.125
      ],
      "translation": [
        9.414215,
        8.515192,
        5.0763516
      ]
    },
    "thirdperson_righthand": {
      "right_rotation": [
        -0.0,
        0.0,
        -0.0
      ],
      "rotation": [
        9.999983,
        -44.99998,
        89.99995
      ],
      "scale": [
        0.124999985,
        0.125,
        0.125
      ],
      "translation": [
        9.414215,
        8.515192,
        5.0763516
      ]
    }
  },
  "flip_v": true,
  "loader": "forge:obj",
  "model": "immersiveengineering:models/block/wooden_device/watermill.obj"
}