{
  "display": {
    "firstperson_lefthand": {
      "rotation": [
        0.0,
        -90.0,
        0.0
      ],
      "scale": [
        0.1875,
        0.1875,
        0.1875
      ],
      "translation": [
        0.015625,
        0.0,
        0.0
      ]
    },
    "firstperson_righthand": {
      "rotation": [
        0.0,
        -90.0,
        0.0
      ],
      "scale": [
        0.1875,
        0.1875,
        0.1875
      ],
      "translation": [
        0.015625,
        0.0,
        0.0
      ]
    },
    "fixed": {
      "rotation": [
        0.0,
        180.0,
        0.0
      ],
      "scale": [
        0.140625,
        0.140625,
        0.140625
      ]
    },
    "ground": {
      "scale": [
        0.09375,
        0.09375,
        0.09375
      ]
    },
    "gui": {
      "rotation": [
        0.0,
        35.0,
        0.0
      ],
      "scale": [
        0.1171875,
        0.1171875,
        0.1171875
      ]
    },
    "head": {
      "scale": [
        0.09375,
        0.09375,
        0.09375
      ]
    },
    "none": {
      "scale": [
        0.09375,
        0.09375,
        0.09375
      ]
    },
    "thirdperson_lefthand": {
      "rotation": [
        60.0,
        -142.5,
        0.0
      ],
      "scale": [
        0.0703125,
        0.0703125,
        0.0703125
      ],
      "translation": [
        0.0,
        0.005859375,
        -0.0107421875
      ]
    },
    "thirdperson_righthand": {
      "rotation": [
        60.0,
        -142.5,
        0.0
      ],
      "scale": [
        0.0703125,
        0.0703125,
        0.0703125
      ],
      "translation": [
        0.0,
        0.005859375,
        -0.0107421875
      ]
    }
  },
  "flip_v": true,
  "loader": "forge:obj",
  "model": "immersiveengineering:models/block/wooden_device/windmill.obj.ie"
}