{
  "flip-v": true,
  "loader": "forge:obj",
  "model": "immersiveengineering:models/block/wooden_device/windmill.obj.ie",
  "transform": {
    "firstperson_lefthand": {
      "origin": "corner",
      "post-rotation": [
        0.0,
        0.0,
        0.0,
        0.99830717
      ],
      "rotation": [
        0.0,
        -0.7071067,
        0.0,
        0.7071068
      ],
      "scale": [
        0.18749997,
        0.1875,
        0.18749997
      ],
      "translation": [
        0.25000003,
        0.0,
        0.0
      ]
    },
    "firstperson_righthand": {
      "origin": "corner",
      "post-rotation": [
        0.0,
        0.0,
        0.0,
        0.99830717
      ],
      "rotation": [
        0.0,
        -0.7071067,
        0.0,
        0.7071068
      ],
      "scale": [
        0.18749997,
        0.1875,
        0.18749997
      ],
      "translation": [
        0.25000003,
        0.0,
        0.0
      ]
    },
    "fixed": {
      "origin": "corner",
      "post-rotation": [
        0.0,
        0.0,
        0.0,
        0.99830717
      ],
      "rotation": [
        0.0,
        1.0,
        0.0,
        6.1232336E-17
      ],
      "scale": [
        0.14062497,
        0.14062497,
        0.14062497
      ],
      "translation": [
        7.4505806E-9,
        -7.4505806E-9,
        7.4505806E-9
      ]
    },
    "ground": {
      "origin": "corner",
      "post-rotation": [
        0.0,
        0.0,
        0.0,
        0.99830717
      ],
      "rotation": [
        0.0,
        0.0,
        0.0,
        0.99999994
      ],
      "scale": [
        0.093749985,
        0.093749985,
        0.093749985
      ],
      "translation": [
        -3.7252903E-9,
        -3.7252903E-9,
        -3.7252903E-9
      ]
    },
    "gui": {
      "origin": "corner",
      "post-rotation": [
        0.0,
        0.0,
        0.0,
        0.99830717
      ],
      "rotation": [
        0.0,
        0.30070585,
        0.0,
        0.95371693
      ],
      "scale": [
        0.11718751,
        0.11718751,
        0.11718751
      ],
      "translation": [
        0.0,
        3.7252903E-9,
        3.7252903E-9
      ]
    },
    "head": {
      "origin": "corner",
      "post-rotation": [
        0.0,
        0.0,
        0.0,
        0.99830717
      ],
      "rotation": [
        0.0,
        0.0,
        0.0,
        0.99999994
      ],
      "scale": [
        0.093749985,
        0.093749985,
        0.093749985
      ],
      "translation": [
        -3.7252903E-9,
        -3.7252903E-9,
        -3.7252903E-9
      ]
    },
    "thirdperson_lefthand": {
      "origin": "corner",
      "post-rotation": [
        0.0,
        0.0,
        0.0,
        0.99830717
      ],
      "rotation": [
        -0.1607198,
        0.8200656,
        0.47346509,
        -0.27837476
      ],
      "scale": [
        0.07031249,
        0.07031251,
        0.0703125
      ],
      "translation": [
        0.0,
        0.09375,
        -0.171875
      ]
    },
    "thirdperson_righthand": {
      "origin": "corner",
      "post-rotation": [
        0.0,
        0.0,
        0.0,
        0.99830717
      ],
      "rotation": [
        -0.1607198,
        0.8200656,
        0.47346509,
        -0.27837476
      ],
      "scale": [
        0.07031249,
        0.07031251,
        0.0703125
      ],
      "translation": [
        0.0,
        0.09375,
        -0.171875
      ]
    }
  }
}