{
  "display": {
    "firstperson_lefthand": {
      "right_rotation": [
        0.0,
        0.0,
        180.0
      ],
      "rotation": [
        -0.0,
        -90.0,
        0.0
      ],
      "scale": [
        0.18749997,
        0.18749997,
        0.18749997
      ],
      "translation": [
        4.0,
        -2.3841858E-7,
        -1.1920929E-7
      ]
    },
    "firstperson_righthand": {
      "right_rotation": [
        0.0,
        0.0,
        180.0
      ],
      "rotation": [
        -0.0,
        -90.0,
        0.0
      ],
      "scale": [
        0.18749997,
        0.18749997,
        0.18749997
      ],
      "translation": [
        4.0,
        -2.3841858E-7,
        -1.1920929E-7
      ]
    },
    "fixed": {
      "right_rotation": [
        0.0,
        0.0,
        180.0
      ],
      "rotation": [
        180.0,
        7.0167083E-15,
        0.0
      ],
      "scale": [
        0.14062497,
        0.14062497,
        0.14062497
      ],
      "translation": [
        1.1920929E-7,
        -1.1920929E-7,
        1.1920929E-7
      ]
    },
    "ground": {
      "right_rotation": [
        0.0,
        0.0,
        180.0
      ],
      "rotation": [
        0.0,
        0.0,
        180.0
      ],
      "scale": [
        0.093749985,
        0.093749985,
        0.093749985
      ],
      "translation": [
        -5.9604645E-8,
        -5.9604645E-8,
        -5.9604645E-8
      ]
    },
    "gui": {
      "right_rotation": [
        0.0,
        0.0,
        180.0
      ],
      "rotation": [
        0.0,
        35.000004,
        180.0
      ],
      "scale": [
        0.11718752,
        0.117187545,
        0.11718752
      ],
      "translation": [
        1.1920929E-7,
        2.9802322E-7,
        2.3841858E-7
      ]
    },
    "head": {
      "right_rotation": [
        0.0,
        0.0,
        180.0
      ],
      "rotation": [
        0.0,
        0.0,
        180.0
      ],
      "scale": [
        0.093749985,
        0.093749985,
        0.093749985
      ],
      "translation": [
        -5.9604645E-8,
        -5.9604645E-8,
        -5.9604645E-8
      ]
    },
    "thirdperson_lefthand": {
      "right_rotation": [
        0.0,
        0.0,
        180.0
      ],
      "rotation": [
        -179.99998,
        -37.499996,
        -59.999977
      ],
      "scale": [
        0.07031248,
        0.0703125,
        0.0703125
      ],
      "translation": [
        5.9604645E-8,
        1.5000001,
        -2.75
      ]
    },
    "thirdperson_righthand": {
      "right_rotation": [
        0.0,
        0.0,
        180.0
      ],
      "rotation": [
        -179.99998,
        -37.499996,
        -59.999977
      ],
      "scale": [
        0.07031248,
        0.0703125,
        0.0703125
      ],
      "translation": [
        5.9604645E-8,
        1.5000001,
        -2.75
      ]
    }
  },
  "flip_v": true,
  "loader": "forge:obj",
  "model": "immersiveengineering:models/block/wooden_device/windmill.obj.ie"
}