{
  "display": {
    "firstperson_lefthand": {
      "right_rotation": [
        -0.0,
        0.0,
        -0.0
      ],
      "rotation": [
        0.0,
        -90.0,
        0.0
      ],
      "scale": [
        0.18749997,
        0.18749996,
        0.18749996
      ],
      "translation": [
        13.5,
        6.5,
        6.5
      ]
    },
    "firstperson_righthand": {
      "right_rotation": [
        -0.0,
        0.0,
        -0.0
      ],
      "rotation": [
        0.0,
        -90.0,
        0.0
      ],
      "scale": [
        0.18749997,
        0.18749996,
        0.18749996
      ],
      "translation": [
        13.5,
        6.5,
        6.5
      ]
    },
    "fixed": {
      "right_rotation": [
        -0.0,
        0.0,
        -0.0
      ],
      "rotation": [
        180.0,
        7.0167083E-15,
        180.0
      ],
      "scale": [
        0.14062497,
        0.14062497,
        0.14062499
      ],
      "translation": [
        9.125,
        6.875,
        9.125
      ]
    },
    "ground": {
      "right_rotation": [
        -0.0,
        0.0,
        -0.0
      ],
      "scale": [
        0.09374999,
        0.09374999,
        0.09374999
      ],
      "translation": [
        7.25,
        7.25,
        7.25
      ]
    },
    "gui": {
      "right_rotation": [
        -0.0,
        0.0,
        -0.0
      ],
      "rotation": [
        0.0,
        34.999992,
        0.0
      ],
      "scale": [
        0.11718752,
        0.11718754,
        0.11718752
      ],
      "translation": [
        6.694317,
        7.0625005,
        7.769774
      ]
    },
    "head": {
      "right_rotation": [
        -0.0,
        0.0,
        -0.0
      ],
      "scale": [
        0.09374999,
        0.09374999,
        0.09374999
      ],
      "translation": [
        7.25,
        7.25,
        7.25
      ]
    },
    "thirdperson_lefthand": {
      "right_rotation": [
        -0.0,
        0.0,
        -0.0
      ],
      "rotation": [
        -120.00001,
        -37.499992,
        179.99998
      ],
      "scale": [
        0.070312485,
        0.07031249,
        0.0703125
      ],
      "translation": [
        8.788688,
        9.128828,
        4.8147774
      ]
    },
    "thirdperson_righthand": {
      "right_rotation": [
        -0.0,
        0.0,
        -0.0
      ],
      "rotation": [
        -120.00001,
        -37.499992,
        179.99998
      ],
      "scale": [
        0.070312485,
        0.07031249,
        0.0703125
      ],
      "translation": [
        8.788688,
        9.128828,
        4.8147774
      ]
    }
  },
  "flip_v": true,
  "loader": "forge:obj",
  "model": "immersiveengineering:models/block/wooden_device/windmill.obj.ie"
}