{
  "display": {
    "firstperson_lefthand": {
      "origin": "corner",
      "right_rotation": [
        0.0,
        0.0,
        0.0
      ],
      "rotation": [
        0.0,
        0.0,
        0.0
      ],
      "scale": [
        0.18749997,
        0.1875,
        0.18749997
      ],
      "translation": [
        0.25000003,
        0.0,
        0.0
      ]
    },
    "firstperson_righthand": {
      "origin": "corner",
      "right_rotation": [
        0.0,
        0.0,
        0.0
      ],
      "rotation": [
        0.0,
        0.0,
        0.0
      ],
      "scale": [
        0.18749997,
        0.1875,
        0.18749997
      ],
      "translation": [
        0.25000003,
        0.0,
        0.0
      ]
    },
    "fixed": {
      "origin": "corner",
      "right_rotation": [
        0.0,
        0.0,
        0.0
      ],
      "rotation": [
        3.1415927,
        0.0,
        3.1415927
      ],
      "scale": [
        0.14062497,
        0.14062497,
        0.14062497
      ],
      "translation": [
        7.4505806E-9,
        -7.4505806E-9,
        7.4505806E-9
      ]
    },
    "ground": {
      "origin": "corner",
      "right_rotation": [
        0.0,
        0.0,
        0.0
      ],
      "rotation": [
        0.0,
        0.0,
        0.0
      ],
      "scale": [
        0.093749985,
        0.093749985,
        0.093749985
      ],
      "translation": [
        -3.7252903E-9,
        -3.7252903E-9,
        -3.7252903E-9
      ]
    },
    "gui": {
      "origin": "corner",
      "right_rotation": [
        0.0,
        0.0,
        0.0
      ],
      "rotation": [
        0.0,
        0.0,
        0.0
      ],
      "scale": [
        0.11718751,
        0.11718751,
        0.11718751
      ],
      "translation": [
        0.0,
        3.7252903E-9,
        3.7252903E-9
      ]
    },
    "head": {
      "origin": "corner",
      "right_rotation": [
        0.0,
        0.0,
        0.0
      ],
      "rotation": [
        0.0,
        0.0,
        0.0
      ],
      "scale": [
        0.093749985,
        0.093749985,
        0.093749985
      ],
      "translation": [
        -3.7252903E-9,
        -3.7252903E-9,
        -3.7252903E-9
      ]
    },
    "thirdperson_lefthand": {
      "origin": "corner",
      "right_rotation": [
        0.0,
        0.0,
        0.0
      ],
      "rotation": [
        2.0003185,
        -0.7574407,
        -2.5550745
      ],
      "scale": [
        0.07031249,
        0.07031251,
        0.0703125
      ],
      "translation": [
        0.0,
        0.09375,
        -0.171875
      ]
    },
    "thirdperson_righthand": {
      "origin": "corner",
      "right_rotation": [
        0.0,
        0.0,
        0.0
      ],
      "rotation": [
        2.0003185,
        -0.7574407,
        -2.5550745
      ],
      "scale": [
        0.07031249,
        0.07031251,
        0.0703125
      ],
      "translation": [
        0.0,
        0.09375,
        -0.171875
      ]
    }
  },
  "flip_v": true,
  "loader": "forge:obj",
  "model": "immersiveengineering:models/block/wooden_device/windmill.obj.ie"
}