{
  "loader": "forge:obj",
  "model": "immersiveengineering:models/block/wooden_device/windmill.obj.ie",
  "flip-v": true,
  "transform": {
    "thirdperson_righthand": {
      "translation": [
        1.4901161E-8,
        0.09375001,
        -0.171875
      ],
      "rotation": [
        -0.16071977,
        0.82006556,
        0.47346497,
        -0.27837473
      ],
      "scale": [
        0.07031247,
        0.0703125,
        0.070312485
      ],
      "post-rotation": [
        0.0,
        0.0,
        0.0,
        1.0
      ]
    },
    "thirdperson_lefthand": {
      "translation": [
        1.4901161E-8,
        0.09375001,
        -0.171875
      ],
      "rotation": [
        -0.16071977,
        0.82006556,
        0.47346497,
        -0.27837473
      ],
      "scale": [
        0.07031247,
        0.0703125,
        0.070312485
      ],
      "post-rotation": [
        0.0,
        0.0,
        0.0,
        1.0
      ]
    },
    "firstperson_righthand": {
      "translation": [
        0.25,
        0.0,
        0.0
      ],
      "rotation": [
        0.0,
        -0.7071067,
        0.0,
        0.70710677
      ],
      "scale": [
        0.18749999,
        0.1875,
        0.18749999
      ],
      "post-rotation": [
        0.0,
        0.0,
        0.0,
        1.0
      ]
    },
    "firstperson_lefthand": {
      "translation": [
        0.25,
        0.0,
        0.0
      ],
      "rotation": [
        0.0,
        -0.7071067,
        0.0,
        0.70710677
      ],
      "scale": [
        0.18749999,
        0.1875,
        0.18749999
      ],
      "post-rotation": [
        0.0,
        0.0,
        0.0,
        1.0
      ]
    },
    "head": {
      "translation": [
        -3.7252903E-9,
        -3.7252903E-9,
        -3.7252903E-9
      ],
      "rotation": [
        0.0,
        0.0,
        0.0,
        0.99999994
      ],
      "scale": [
        0.093749985,
        0.093749985,
        0.093749985
      ],
      "post-rotation": [
        0.0,
        0.0,
        0.0,
        1.0
      ]
    },
    "gui": {
      "translation": [
        -7.4505806E-9,
        3.7252903E-9,
        1.4901161E-8
      ],
      "rotation": [
        0.0,
        0.3007058,
        0.0,
        0.953717
      ],
      "scale": [
        0.11718751,
        0.117187515,
        0.11718751
      ],
      "post-rotation": [
        0.0,
        0.0,
        0.0,
        1.0
      ]
    },
    "ground": {
      "translation": [
        -3.7252903E-9,
        -3.7252903E-9,
        -3.7252903E-9
      ],
      "rotation": [
        0.0,
        0.0,
        0.0,
        0.99999994
      ],
      "scale": [
        0.093749985,
        0.093749985,
        0.093749985
      ],
      "post-rotation": [
        0.0,
        0.0,
        0.0,
        1.0
      ]
    },
    "fixed": {
      "translation": [
        7.4505806E-9,
        -7.4505806E-9,
        7.4505806E-9
      ],
      "rotation": [
        0.0,
        1.0,
        0.0,
        6.1232336E-17
      ],
      "scale": [
        0.14062497,
        0.14062497,
        0.14062497
      ],
      "post-rotation": [
        0.0,
        0.0,
        0.0,
        1.0
      ]
    }
  }
}