{
  "display": {
    "firstperson_lefthand": {
      "rotation": [
        0.0,
        -90.0,
        0.0
      ],
      "scale": [
        0.18749997,
        0.1875,
        0.18749997
      ],
      "translation": [
        4.0000005,
        0.0,
        0.0
      ]
    },
    "firstperson_righthand": {
      "rotation": [
        0.0,
        -90.0,
        0.0
      ],
      "scale": [
        0.18749997,
        0.1875,
        0.18749997
      ],
      "translation": [
        4.0000005,
        0.0,
        0.0
      ]
    },
    "fixed": {
      "rotation": [
        180.0,
        7.0167083E-15,
        180.0
      ],
      "scale": [
        0.14062497,
        0.14062497,
        0.14062497
      ],
      "translation": [
        1.1920929E-7,
        -1.1920929E-7,
        1.1920929E-7
      ]
    },
    "ground": {
      "scale": [
        0.093749985,
        0.093749985,
        0.093749985
      ],
      "translation": [
        -5.9604645E-8,
        -5.9604645E-8,
        -5.9604645E-8
      ]
    },
    "gui": {
      "rotation": [
        0.0,
        35.000004,
        0.0
      ],
      "scale": [
        0.11718751,
        0.11718751,
        0.11718751
      ],
      "translation": [
        0.0,
        5.9604645E-8,
        5.9604645E-8
      ]
    },
    "head": {
      "scale": [
        0.093749985,
        0.093749985,
        0.093749985
      ],
      "translation": [
        -5.9604645E-8,
        -5.9604645E-8,
        -5.9604645E-8
      ]
    },
    "thirdperson_lefthand": {
      "rotation": [
        -120.00001,
        -37.500008,
        179.99998
      ],
      "scale": [
        0.07031249,
        0.07031251,
        0.0703125
      ],
      "translation": [
        0.0,
        1.5,
        -2.75
      ]
    },
    "thirdperson_righthand": {
      "rotation": [
        -120.00001,
        -37.500008,
        179.99998
      ],
      "scale": [
        0.07031249,
        0.07031251,
        0.0703125
      ],
      "translation": [
        0.0,
        1.5,
        -2.75
      ]
    }
  },
  "flip_v": true,
  "loader": "forge:obj",
  "model": "immersiveengineering:models/block/wooden_device/windmill.obj.ie"
}