{
  "display": {
    "firstperson_lefthand": {
      "right_rotation": [
        -0.0,
        0.0,
        -0.0
      ],
      "rotation": [
        0.0,
        -90.0,
        0.0
      ],
      "scale": [
        0.18749997,
        0.18749996,
        0.18749996
      ],
      "translation": [
        4.0,
        -2.3841858E-7,
        -1.1920929E-7
      ]
    },
    "firstperson_righthand": {
      "right_rotation": [
        -0.0,
        0.0,
        -0.0
      ],
      "rotation": [
        0.0,
        -90.0,
        0.0
      ],
      "scale": [
        0.18749997,
        0.18749996,
        0.18749996
      ],
      "translation": [
        4.0,
        -2.3841858E-7,
        -1.1920929E-7
      ]
    },
    "fixed": {
      "right_rotation": [
        -0.0,
        0.0,
        -0.0
      ],
      "rotation": [
        180.0,
        7.0167083E-15,
        180.0
      ],
      "scale": [
        0.14062497,
        0.14062497,
        0.14062499
      ],
      "translation": [
        1.1920929E-7,
        -1.1920929E-7,
        1.1920929E-7
      ]
    },
    "ground": {
      "right_rotation": [
        -0.0,
        0.0,
        -0.0
      ],
      "scale": [
        0.09374999,
        0.09374999,
        0.09374999
      ],
      "translation": [
        -5.9604645E-8,
        -5.9604645E-8,
        -5.9604645E-8
      ]
    },
    "gui": {
      "right_rotation": [
        -0.0,
        0.0,
        -0.0
      ],
      "rotation": [
        0.0,
        34.999992,
        0.0
      ],
      "scale": [
        0.11718752,
        0.11718754,
        0.11718752
      ],
      "translation": [
        1.1920929E-7,
        2.9802322E-7,
        2.3841858E-7
      ]
    },
    "head": {
      "right_rotation": [
        -0.0,
        0.0,
        -0.0
      ],
      "scale": [
        0.09374999,
        0.09374999,
        0.09374999
      ],
      "translation": [
        -5.9604645E-8,
        -5.9604645E-8,
        -5.9604645E-8
      ]
    },
    "thirdperson_lefthand": {
      "right_rotation": [
        -0.0,
        0.0,
        -0.0
      ],
      "rotation": [
        -120.00001,
        -37.499992,
        179.99998
      ],
      "scale": [
        0.070312485,
        0.07031249,
        0.0703125
      ],
      "translation": [
        5.9604645E-8,
        1.5000001,
        -2.75
      ]
    },
    "thirdperson_righthand": {
      "right_rotation": [
        -0.0,
        0.0,
        -0.0
      ],
      "rotation": [
        -120.00001,
        -37.499992,
        179.99998
      ],
      "scale": [
        0.070312485,
        0.07031249,
        0.0703125
      ],
      "translation": [
        5.9604645E-8,
        1.5000001,
        -2.75
      ]
    }
  },
  "flip_v": true,
  "loader": "forge:obj",
  "model": "immersiveengineering:models/block/wooden_device/windmill.obj.ie"
}