{
  "flip-v": true,
  "loader": "forge:obj",
  "model": "immersiveengineering:models/block/wooden_device/workbench.obj.ie",
  "transform": {
    "firstperson_lefthand": {
      "origin": "corner",
      "post-rotation": [
        0.0,
        0.0,
        0.0,
        1.0
      ],
      "rotation": [
        0.29697132,
        0.36237448,
        0.123009555,
        0.8748493
      ],
      "scale": [
        0.5,
        0.5,
        0.5
      ],
      "translation": [
        -0.1875,
        -0.1875,
        0.0
      ]
    },
    "firstperson_righthand": {
      "origin": "corner",
      "post-rotation": [
        0.0,
        0.0,
        0.0,
        1.0
      ],
      "rotation": [
        0.29697132,
        0.36237448,
        0.123009555,
        0.8748493
      ],
      "scale": [
        0.5,
        0.5,
        0.5
      ],
      "translation": [
        -0.1875,
        -0.1875,
        0.0
      ]
    },
    "fixed": {
      "origin": "corner",
      "post-rotation": [
        0.0,
        0.0,
        0.0,
        1.0
      ],
      "rotation": [
        0.29697132,
        0.36237448,
        0.123009555,
        0.8748493
      ],
      "scale": [
        0.5,
        0.5,
        0.5
      ],
      "translation": [
        -0.1875,
        -0.1875,
        0.0
      ]
    },
    "ground": {
      "origin": "corner",
      "post-rotation": [
        0.0,
        0.0,
        0.0,
        1.0
      ],
      "rotation": [
        0.29697132,
        0.36237448,
        0.123009555,
        0.8748493
      ],
      "scale": [
        0.5,
        0.5,
        0.5
      ],
      "translation": [
        -0.1875,
        -0.1875,
        0.0
      ]
    },
    "gui": {
      "origin": "corner",
      "post-rotation": [
        0.0,
        0.0,
        0.0,
        1.0
      ],
      "rotation": [
        0.29697132,
        0.36237448,
        0.123009555,
        0.8748493
      ],
      "scale": [
        0.5,
        0.5,
        0.5
      ],
      "translation": [
        -0.1875,
        -0.1875,
        0.0
      ]
    },
    "head": {
      "origin": "corner",
      "post-rotation": [
        0.0,
        0.0,
        0.0,
        1.0
      ],
      "rotation": [
        0.29697132,
        0.36237448,
        0.123009555,
        0.8748493
      ],
      "scale": [
        0.5,
        0.5,
        0.5
      ],
      "translation": [
        -0.1875,
        -0.1875,
        0.0
      ]
    },
    "thirdperson_lefthand": {
      "origin": "corner",
      "post-rotation": [
        0.0,
        0.0,
        0.0,
        0.99830717
      ],
      "rotation": [
        0.70773274,
        0.2459841,
        0.29315254,
        0.59385836
      ],
      "scale": [
        0.3,
        0.29999998,
        0.3
      ],
      "translation": [
        -0.112500004,
        0.14805329,
        -0.099788725
      ]
    },
    "thirdperson_righthand": {
      "origin": "corner",
      "post-rotation": [
        0.0,
        0.0,
        0.0,
        0.99830717
      ],
      "rotation": [
        0.70773274,
        0.2459841,
        0.29315254,
        0.59385836
      ],
      "scale": [
        0.3,
        0.29999998,
        0.3
      ],
      "translation": [
        -0.112500004,
        0.14805329,
        -0.099788725
      ]
    }
  }
}