{
  "display": {
    "firstperson_lefthand": {
      "right_rotation": [
        -0.0,
        0.0,
        -0.0
      ],
      "rotation": [
        37.50001,
        45.000004,
        2.4148362E-6
      ],
      "scale": [
        0.5000001,
        0.49999994,
        0.49999997
      ],
      "translation": [
        -0.6568539,
        1.826587,
        5.5649548
      ]
    },
    "firstperson_righthand": {
      "right_rotation": [
        -0.0,
        0.0,
        -0.0
      ],
      "rotation": [
        37.50001,
        45.000004,
        2.4148362E-6
      ],
      "scale": [
        0.5000001,
        0.49999994,
        0.49999997
      ],
      "translation": [
        -0.6568539,
        1.826587,
        5.5649548
      ]
    },
    "fixed": {
      "right_rotation": [
        -0.0,
        0.0,
        -0.0
      ],
      "rotation": [
        37.50001,
        45.000004,
        2.4148362E-6
      ],
      "scale": [
        0.5000001,
        0.49999994,
        0.49999997
      ],
      "translation": [
        -0.6568539,
        1.826587,
        5.5649548
      ]
    },
    "ground": {
      "right_rotation": [
        -0.0,
        0.0,
        -0.0
      ],
      "rotation": [
        37.50001,
        45.000004,
        2.4148362E-6
      ],
      "scale": [
        0.5000001,
        0.49999994,
        0.49999997
      ],
      "translation": [
        -0.6568539,
        1.826587,
        5.5649548
      ]
    },
    "gui": {
      "right_rotation": [
        -0.0,
        0.0,
        -0.0
      ],
      "rotation": [
        37.50001,
        45.000004,
        2.4148362E-6
      ],
      "scale": [
        0.5000001,
        0.49999994,
        0.49999997
      ],
      "translation": [
        -0.6568539,
        1.826587,
        5.5649548
      ]
    },
    "head": {
      "right_rotation": [
        -0.0,
        0.0,
        -0.0
      ],
      "rotation": [
        37.50001,
        45.000004,
        2.4148362E-6
      ],
      "scale": [
        0.5000001,
        0.49999994,
        0.49999997
      ],
      "translation": [
        -0.6568539,
        1.826587,
        5.5649548
      ]
    },
    "none": {
      "right_rotation": [
        -0.0,
        0.0,
        -0.0
      ],
      "rotation": [
        37.50001,
        45.000004,
        2.4148362E-6
      ],
      "scale": [
        0.5000001,
        0.49999994,
        0.49999997
      ],
      "translation": [
        -0.6568539,
        1.826587,
        5.5649548
      ]
    },
    "thirdperson_lefthand": {
      "right_rotation": [
        -0.0,
        0.0,
        -0.0
      ],
      "rotation": [
        99.99999,
        45.000004,
        0.0
      ],
      "scale": [
        0.30000004,
        0.29999998,
        0.29999998
      ],
      "translation": [
        2.8058875,
        10.785608,
        4.039842
      ]
    },
    "thirdperson_righthand": {
      "right_rotation": [
        -0.0,
        0.0,
        -0.0
      ],
      "rotation": [
        99.99999,
        45.000004,
        0.0
      ],
      "scale": [
        0.30000004,
        0.29999998,
        0.29999998
      ],
      "translation": [
        2.8058875,
        10.785608,
        4.039842
      ]
    }
  },
  "flip_v": true,
  "loader": "forge:obj",
  "model": "immersiveengineering:models/block/wooden_device/workbench.obj.ie"
}